exp_name,env_name,seed,coverage
smm_ppo,DMCS-Cart-k-Pole-v0,4,57.296770754945655
smm_ppo,DMCS-Cart-k-Pole-v0,3,57.17328887711325
smm_ppo,DMCS-Cart-k-Pole-v0,1,51.552808517163754
smm_ppo,DMCS-Cart-k-Pole-v0,5,63.676710633840614
smm_ppo,DMCS-Cart-k-Pole-v0,2,64.27314103841691
smm_ppo,Hopper-v3,1,87.96102936488184
smm_ppo,Hopper-v3,4,78.81001803764356
smm_ppo,Hopper-v3,2,57.68962903278114
smm_ppo,Hopper-v3,3,83.1245594408118
smm_ppo,Hopper-v3,5,66.28392242962133
smm_ppo,HalfCheetah-v3,1,29.62896374697986
smm_ppo,HalfCheetah-v3,2,33.987753678761884
smm_ppo,HalfCheetah-v3,3,30.169309184397207
smm_ppo,HalfCheetah-v3,4,30.385447826986645
smm_ppo,HalfCheetah-v3,5,24.747838768981183
smm_ppo,DMCS-Acrobot-v0,1,66.63451479481118
smm_ppo,DMCS-Acrobot-v0,5,64.85614912272027
smm_ppo,DMCS-Acrobot-v0,3,67.63254651563456
smm_ppo,DMCS-Acrobot-v0,4,66.12555818578294
smm_ppo,DMCS-Acrobot-v0,2,65.58578609587732
smm_ppo,Swimmer-v3,3,62.55850364202617
smm_ppo,Swimmer-v3,1,68.99376073303233
smm_ppo,Swimmer-v3,5,56.70826997206678
smm_ppo,Swimmer-v3,4,60.76443128613307
smm_ppo,Swimmer-v3,2,55.10920555950577
smm_ppo,Ant-v3,4,97.65689180457916
smm_ppo,Ant-v3,1,87.8735014197015
smm_ppo,Ant-v3,2,100.0
smm_ppo,Ant-v3,5,71.53686700494075
smm_ppo,Ant-v3,3,81.27473552068766
smm_ppo,Reacher-v4,5,98.77596251231503
smm_ppo,Walker2d-v3,2,42.34439137405857
smm_ppo,Walker2d-v3,1,41.52658058563921
smm_ppo,Walker2d-v3,3,39.391185524827236
smm_ppo,Walker2d-v3,4,61.2448903057904
smm_ppo,Walker2d-v3,5,58.3825513979038
smm_ppo,DMCS-Ball-in-cup-v0,3,80.5464240019686
smm_ppo,DMCS-Ball-in-cup-v0,1,77.0686818135095
smm_ppo,DMCS-Ball-in-cup-v0,5,78.18452203468127
smm_ppo,DMCS-Ball-in-cup-v0,4,74.5416593072252
smm_ppo,DMCS-Ball-in-cup-v0,2,73.67775642014035
smm_ppo,Maze-Easy-v0,2,93.95310768252621
smm_ppo,Maze-Easy-v0,1,83.97222453841687
smm_ppo,Maze-Easy-v0,4,95.89495558868403
smm_ppo,Maze-Easy-v0,5,92.9670920640611
smm_ppo,Maze-Easy-v0,3,98.83287829766911
smm_ppo,FetchReach-v1,4,65.16992196649981
smm_ppo,FetchReach-v1,2,91.18749905263726
smm_ppo,FetchReach-v1,5,61.497113827305306
smm_ppo,FetchReach-v1,1,64.97956069445958
smm_ppo,FetchReach-v1,3,79.76596783466422
smm_ppo,FetchPush-v2,5,37.48633240183761
smm_ppo,FetchPush-v2,4,42.0764972993368
smm_ppo,FetchPush-v2,1,34.09835668758758
smm_ppo,FetchPush-v2,2,34.93624179679926
smm_ppo,FetchPush-v2,3,39.380687957004014
smm_ppo,DMCS-Finger-v0,5,50.04511159281062
smm_ppo,DMCS-Finger-v0,1,65.00922440991779
smm_ppo,DMCS-Finger-v0,2,57.301999379282385
smm_ppo,DMCS-Finger-v0,3,58.591456141542764
smm_ppo,DMCS-Finger-v0,4,70.4242688746843
smm_ppo,Maze-Hard-v0,2,70.24650768575167
smm_ppo,Maze-Hard-v0,3,52.533140626522545
smm_ppo,Maze-Hard-v0,5,44.59308853765643
smm_ppo,Maze-Hard-v0,4,47.90041503662774
smm_ppo,Maze-Hard-v0,1,65.40320365260524
smm_ppo,FetchSlide-v2,1,76.2711852791375
smm_ppo,FetchSlide-v2,2,73.17796427205022
smm_ppo,FetchSlide-v2,5,65.99575870470635
smm_ppo,FetchSlide-v2,4,70.59321676931862
smm_ppo,FetchSlide-v2,3,81.03813301867996
smm_ppo,DMCS-Fish-v0,5,48.81889886420129
smm_ppo,DMCS-Fish-v0,3,49.86876689696827
smm_ppo,DMCS-Fish-v0,1,48.42519717513188
smm_ppo,DMCS-Fish-v0,4,45.144357313913
smm_ppo,DMCS-Fish-v0,2,55.51181184844647
smm_ppo,Maze-Ur-v0,1,70.13317237955674
smm_ppo,Maze-Ur-v0,4,74.95156937058975
smm_ppo,Maze-Ur-v0,2,80.8595660133604
smm_ppo,Maze-Ur-v0,3,83.77724353017098
smm_ppo,Maze-Ur-v0,5,61.04115503854337
ngu_ppo,DMCS-Ball-in-cup-v0,1,87.04655013957682
ngu_ppo,DMCS-Ball-in-cup-v0,3,68.02706490242333
ngu_ppo,DMCS-Ball-in-cup-v0,5,78.07132073762753
ngu_ppo,DMCS-Ball-in-cup-v0,2,83.24622794747057
ngu_ppo,DMCS-Ball-in-cup-v0,4,10.017024374199124
ngu_ppo,DMCS-Finger-v0,3,77.55971317251938
ngu_ppo,DMCS-Finger-v0,5,72.46091897210358
ngu_ppo,DMCS-Finger-v0,4,74.80960259934007
ngu_ppo,DMCS-Finger-v0,2,76.1842364451735
ngu_ppo,DMCS-Finger-v0,1,70.26740797266525
ngu_ppo,DMCS-Acrobot-v0,2,65.50825025660207
ngu_ppo,DMCS-Acrobot-v0,5,65.15933724498029
ngu_ppo,DMCS-Acrobot-v0,1,65.52017908755188
ngu_ppo,DMCS-Acrobot-v0,4,65.90885462272034
ngu_ppo,DMCS-Acrobot-v0,3,66.15140440786807
ngu_ppo,DMCS-Fish-v0,1,77.0341215060787
ngu_ppo,DMCS-Fish-v0,3,100.0
ngu_ppo,DMCS-Fish-v0,5,92.5196844181815
ngu_ppo,DMCS-Fish-v0,4,99.60629968044006
ngu_ppo,DMCS-Fish-v0,2,96.85039384638596
ngu_ppo,DMCS-Cart-k-Pole-v0,1,53.45105614950757
ngu_ppo,DMCS-Cart-k-Pole-v0,4,58.687363259541655
ngu_ppo,DMCS-Cart-k-Pole-v0,2,56.11763295338864
ngu_ppo,DMCS-Cart-k-Pole-v0,5,48.56904918507301
ngu_ppo,DMCS-Cart-k-Pole-v0,3,55.7044114410854
ngu_ppo,Maze-Ur-v0,3,74.98788870244756
ngu_ppo,Maze-Ur-v0,2,88.80144152625003
ngu_ppo,Maze-Ur-v0,1,80.70218366776389
ngu_ppo,Maze-Ur-v0,4,94.07989501978125
ngu_ppo,Maze-Easy-v0,2,94.78820593011704
ngu_ppo,Maze-Easy-v0,3,98.31974735014266
ngu_ppo,Maze-Easy-v0,1,26.712942673001795
ngu_ppo,FetchSlide-v2,3,100.0
ngu_ppo,FetchSlide-v2,5,94.6821990711986
ngu_ppo,FetchSlide-v2,1,94.51270789490104
ngu_ppo,FetchSlide-v2,2,87.66948554704601
ngu_ppo,FetchSlide-v2,4,94.51270825629179
ngu_ppo,FetchReach-v1,2,48.26717200477252
ngu_ppo,FetchReach-v1,5,53.3396758398119
ngu_ppo,FetchReach-v1,1,56.97888751048158
ngu_ppo,FetchPush-v2,4,59.99999366300762
ngu_ppo,FetchPush-v2,5,66.44808003857217
ngu_ppo,FetchPush-v2,1,22.367942878359603
ngu_ppo,Maze-Hard-v0,2,45.782239506725865
ngu_ppo,Maze-Hard-v0,1,56.01388277399406
ngu_ppo,Maze-Hard-v0,3,73.7644072419598
ngu_ppo,Maze-Hard-v0,4,11.916264802881527
ngu_ppo,Ant-v3,1,61.527131286113466
ngu_ppo,Ant-v3,2,61.64409498974093
ngu_ppo,Walker2d-v3,4,22.398910283947902
ngu_ppo,HalfCheetah-v3,1,25.73847317215704
ngu_ppo,HalfCheetah-v3,2,45.92939382863309
ngu_ppo,HalfCheetah-v3,4,40.30979962447452
metra_ppo,Reacher-v4,5,99.44361964278636
metra_ppo,Reacher-v4,2,99.27670533850363
metra_ppo,Reacher-v4,3,99.10979152270113
metra_ppo,Reacher-v4,4,95.54895670391633
metra_ppo,Reacher-v4,1,94.08382378985348
metra_ppo,Swimmer-v3,4,57.41029612178
metra_ppo,Swimmer-v3,2,22.2698923657116
metra_ppo,Swimmer-v3,1,30.304213954907883
metra_ppo,Swimmer-v3,5,23.010921582808443
metra_ppo,Swimmer-v3,3,25.624026785966507
metra_ppo,Walker2d-v3,5,9.904588966459778
metra_ppo,Walker2d-v3,3,9.223080993863055
metra_ppo,Walker2d-v3,4,5.49750073303458
metra_ppo,Walker2d-v3,1,7.950930521347983
metra_ppo,Walker2d-v3,2,13.221263570766578
metra_ppo,Ant-v3,5,48.22844421691349
metra_ppo,Ant-v3,1,44.90155932289739
metra_ppo,Ant-v3,2,52.4158169385977
metra_ppo,Ant-v3,3,50.093572944298124
metra_ppo,Ant-v3,4,57.36567999584192
metra_ppo,Hopper-v3,3,3.2011129245757037
metra_ppo,Hopper-v3,2,2.505218784864541
metra_ppo,Hopper-v3,1,2.9923445643155837
metra_ppo,Hopper-v3,4,3.583854110310832
metra_ppo,Hopper-v3,5,2.9923445609676085
metra_ppo,DMCS-Fish-v0,2,74.14698276957057
metra_ppo,DMCS-Fish-v0,4,56.69291400432098
metra_ppo,DMCS-Fish-v0,1,60.104988017490314
metra_ppo,DMCS-Fish-v0,3,72.8346464922705
metra_ppo,DMCS-Fish-v0,5,46.850393832483064
metra_ppo,HalfCheetah-v3,3,29.070605635967013
metra_ppo,HalfCheetah-v3,2,28.962536761138015
metra_ppo,HalfCheetah-v3,1,32.582853952715254
metra_ppo,HalfCheetah-v3,4,30.061240497256286
metra_ppo,HalfCheetah-v3,5,37.824208543014855
metra_ppo,DMCS-Finger-v0,2,53.89914094426027
metra_ppo,DMCS-Finger-v0,1,49.1528610466099
metra_ppo,DMCS-Finger-v0,4,62.469941884474366
metra_ppo,DMCS-Finger-v0,5,48.375309911279246
metra_ppo,DMCS-Finger-v0,3,67.92884304868481
metra_ppo,DMCS-Cart-k-Pole-v0,5,20.827417659659737
metra_ppo,DMCS-Cart-k-Pole-v0,4,27.728726238901867
metra_ppo,DMCS-Cart-k-Pole-v0,3,21.383493405318948
metra_ppo,DMCS-Cart-k-Pole-v0,2,22.351178812324235
metra_ppo,DMCS-Cart-k-Pole-v0,1,32.174103169653975
metra_ppo,FetchPush-v2,4,30.05464147375688
metra_ppo,FetchPush-v2,5,20.9836063926171
metra_ppo,FetchPush-v2,3,28.196719066325404
metra_ppo,FetchPush-v2,2,30.20036276402388
metra_ppo,FetchPush-v2,1,36.39343988408266
metra_ppo,DMCS-Ball-in-cup-v0,5,43.03855862638895
metra_ppo,DMCS-Ball-in-cup-v0,3,35.463445325763345
metra_ppo,DMCS-Ball-in-cup-v0,1,46.99208563321258
metra_ppo,DMCS-Ball-in-cup-v0,4,55.39705449872524
metra_ppo,DMCS-Ball-in-cup-v0,2,42.34573334399536
metra_ppo,DMCS-Acrobot-v0,1,67.57886736088786
metra_ppo,DMCS-Acrobot-v0,2,66.78262852158983
metra_ppo,DMCS-Acrobot-v0,3,66.81245018292726
metra_ppo,DMCS-Acrobot-v0,4,68.32043299635123
metra_ppo,DMCS-Acrobot-v0,5,65.78459677472786
metra_ppo,FetchSlide-v2,1,55.40253967061927
metra_ppo,FetchSlide-v2,3,54.87287526475397
metra_ppo,FetchSlide-v2,2,36.94914817854417
metra_ppo,FetchSlide-v2,4,64.19491440329566
metra_ppo,FetchSlide-v2,5,36.73728685081125
metra_ppo,FetchReach-v1,1,30.972509082141077
metra_ppo,FetchReach-v1,5,31.733947833808728
metra_ppo,FetchReach-v1,3,60.674097334444596
metra_ppo,FetchReach-v1,2,32.881698408985265
metra_ppo,FetchReach-v1,4,33.39678357059852
metra_ppo,Maze-Easy-v0,4,69.42348266109242
metra_ppo,Maze-Easy-v0,5,59.45265910044837
metra_ppo,Maze-Easy-v0,2,61.89757218107358
metra_ppo,Maze-Easy-v0,1,80.65197546262249
metra_ppo,Maze-Easy-v0,3,66.9986899114638
metra_ppo,Maze-Hard-v0,1,46.71126299001163
metra_ppo,Maze-Hard-v0,3,34.46055081996731
metra_ppo,Maze-Hard-v0,2,32.51579646184807
metra_ppo,Maze-Hard-v0,4,49.57265428880303
metra_ppo,Maze-Hard-v0,5,32.59011735236215
metra_ppo,Maze-Ur-v0,1,56.04116328314671
metra_ppo,Maze-Ur-v0,2,50.61743587106
metra_ppo,Maze-Ur-v0,5,50.92009960473127
metra_ppo,Maze-Ur-v0,4,63.53511298803883
metra_ppo,Maze-Ur-v0,3,78.5593292500831
lsd_ppo,Reacher-v4,4,99.57344187574643
lsd_ppo,Reacher-v4,5,99.07269930034602
lsd_ppo,Reacher-v4,1,99.46216573008533
lsd_ppo,Reacher-v4,2,99.1097914072408
lsd_ppo,Reacher-v4,3,99.01706120644218
lsd_ppo,Swimmer-v3,4,38.72855135369646
lsd_ppo,Swimmer-v3,1,73.28393541999834
lsd_ppo,Swimmer-v3,5,42.86271699701177
lsd_ppo,Swimmer-v3,3,53.19813003658413
lsd_ppo,Swimmer-v3,2,64.4305809385051
lsd_ppo,Ant-v3,2,52.022559725550636
lsd_ppo,Ant-v3,1,49.37534068857373
lsd_ppo,Ant-v3,4,52.20464628346983
lsd_ppo,Ant-v3,5,49.25584573215227
lsd_ppo,Ant-v3,3,48.506000444449136
lsd_ppo,Walker2d-v3,4,8.359836407781142
lsd_ppo,Walker2d-v3,1,10.131758787525786
lsd_ppo,Walker2d-v3,2,13.811902942705887
lsd_ppo,Walker2d-v3,3,10.131757563003942
lsd_ppo,Walker2d-v3,5,6.7696499975005
lsd_ppo,HalfCheetah-v3,5,36.0050435363871
lsd_ppo,HalfCheetah-v3,3,35.06844364928024
lsd_ppo,HalfCheetah-v3,2,34.52809854537883
lsd_ppo,HalfCheetah-v3,4,43.245676135630994
lsd_ppo,HalfCheetah-v3,1,34.18587943204729
lsd_ppo,Hopper-v3,1,4.418927281596866
lsd_ppo,Hopper-v3,5,3.44467583729798
lsd_ppo,Hopper-v3,3,6.8545559832767315
lsd_ppo,Hopper-v3,4,5.358384329836033
lsd_ppo,Hopper-v3,2,3.375086387181677
lsd_ppo,DMCS-Fish-v0,3,56.299213055339756
lsd_ppo,DMCS-Fish-v0,2,57.611549467331336
lsd_ppo,DMCS-Fish-v0,1,58.267717166337555
lsd_ppo,DMCS-Fish-v0,5,49.606299935032524
lsd_ppo,DMCS-Fish-v0,4,60.36745525608161
lsd_ppo,DMCS-Finger-v0,1,64.55382171011826
lsd_ppo,DMCS-Finger-v0,3,68.07473843969261
lsd_ppo,DMCS-Finger-v0,5,67.89764197135335
lsd_ppo,DMCS-Finger-v0,4,55.60352185551052
lsd_ppo,DMCS-Finger-v0,2,57.067548941536806
lsd_ppo,DMCS-Cart-k-Pole-v0,4,44.2140680453929
lsd_ppo,DMCS-Cart-k-Pole-v0,3,35.67116670281317
lsd_ppo,DMCS-Cart-k-Pole-v0,2,41.59752581777926
lsd_ppo,DMCS-Cart-k-Pole-v0,1,36.69453492317209
lsd_ppo,DMCS-Cart-k-Pole-v0,5,36.60737381814654
lsd_ppo,DMCS-Ball-in-cup-v0,4,48.20750931551388
lsd_ppo,DMCS-Ball-in-cup-v0,5,47.30615550922571
lsd_ppo,DMCS-Ball-in-cup-v0,1,52.13124718814027
lsd_ppo,DMCS-Ball-in-cup-v0,3,53.490510203983334
lsd_ppo,DMCS-Ball-in-cup-v0,2,50.39067191567822
lsd_ppo,DMCS-Acrobot-v0,2,66.7518131131935
lsd_ppo,DMCS-Acrobot-v0,4,68.29359326119247
lsd_ppo,DMCS-Acrobot-v0,3,67.32737131117776
lsd_ppo,DMCS-Acrobot-v0,5,70.1405487914117
lsd_ppo,DMCS-Acrobot-v0,1,68.29359311362046
lsd_ppo,FetchSlide-v2,3,63.77117800249097
lsd_ppo,FetchSlide-v2,5,81.39830084505478
lsd_ppo,FetchSlide-v2,1,72.56355142016818
lsd_ppo,FetchSlide-v2,2,57.69067266055373
lsd_ppo,FetchSlide-v2,4,49.661010589157314
lsd_ppo,FetchPush-v2,5,38.79780636301462
lsd_ppo,FetchPush-v2,4,39.01638703771908
lsd_ppo,FetchPush-v2,3,39.344256244010914
lsd_ppo,FetchPush-v2,1,42.25864409684891
lsd_ppo,FetchPush-v2,2,35.15482093617901
lsd_ppo,FetchReach-v1,5,95.70572713004366
lsd_ppo,FetchReach-v1,3,93.734948980021
lsd_ppo,FetchReach-v1,4,87.11158535746965
lsd_ppo,FetchReach-v1,1,100.0
lsd_ppo,FetchReach-v1,2,90.29169090995713
lsd_ppo,Maze-Hard-v0,3,54.81234457754164
lsd_ppo,Maze-Hard-v0,1,62.08349438665019
lsd_ppo,Maze-Hard-v0,4,59.581323678510465
lsd_ppo,Maze-Hard-v0,5,65.87390885364515
lsd_ppo,Maze-Hard-v0,2,64.99443476547437
lsd_ppo,Maze-Ur-v0,3,79.75787065624634
lsd_ppo,Maze-Ur-v0,2,76.585955719718
lsd_ppo,Maze-Ur-v0,5,25.859566480454628
lsd_ppo,Maze-Ur-v0,1,36.0290543976166
lsd_ppo,Maze-Ur-v0,4,81.47699806459623
lsd_ppo,Maze-Easy-v0,4,95.16047386996662
lsd_ppo,Maze-Easy-v0,3,90.33101401494716
lsd_ppo,Maze-Easy-v0,2,96.80048169112175
lsd_ppo,Maze-Easy-v0,5,63.0445689317978
lsd_ppo,Maze-Easy-v0,1,59.47278161323304
icm_ppo,DMCS-Fish-v0,3,89.5013127032257
icm_ppo,DMCS-Fish-v0,5,90.41994847835522
icm_ppo,DMCS-Fish-v0,2,71.91601151313958
icm_ppo,DMCS-Fish-v0,1,84.7769036356447
icm_ppo,DMCS-Fish-v0,4,75.98425341266153
icm_ppo,DMCS-Finger-v0,1,71.76432301087297
icm_ppo,DMCS-Finger-v0,5,45.753386332846105
icm_ppo,DMCS-Finger-v0,3,61.01013679135949
icm_ppo,DMCS-Finger-v0,4,69.55479148733605
icm_ppo,DMCS-Finger-v0,2,58.78710725265359
icm_ppo,DMCS-Cart-k-Pole-v0,2,39.36192531744892
icm_ppo,DMCS-Cart-k-Pole-v0,1,39.44747525137148
icm_ppo,DMCS-Cart-k-Pole-v0,4,38.55162017988689
icm_ppo,DMCS-Cart-k-Pole-v0,5,40.003550936610324
icm_ppo,DMCS-Cart-k-Pole-v0,3,39.236021004824984
icm_ppo,DMCS-Ball-in-cup-v0,3,51.445227669908924
icm_ppo,DMCS-Ball-in-cup-v0,1,59.093537939711716
icm_ppo,DMCS-Ball-in-cup-v0,2,56.742702622160714
icm_ppo,DMCS-Ball-in-cup-v0,4,47.86109481970056
icm_ppo,DMCS-Ball-in-cup-v0,5,54.93999142541573
icm_ppo,DMCS-Acrobot-v0,4,64.00623259893922
icm_ppo,DMCS-Acrobot-v0,5,64.47642068506188
icm_ppo,DMCS-Acrobot-v0,3,62.94756317048065
icm_ppo,DMCS-Acrobot-v0,2,64.08973314010949
icm_ppo,DMCS-Acrobot-v0,1,63.67521223197865
icm_ppo,Maze-Hard-v0,1,45.42301703408962
icm_ppo,Maze-Hard-v0,4,45.12573060852378
icm_ppo,Maze-Hard-v0,5,39.40294858373252
icm_ppo,Maze-Hard-v0,2,45.37347046056706
icm_ppo,Maze-Hard-v0,3,44.65502549617922
icm_ppo,Maze-Ur-v0,2,45.84745806241375
icm_ppo,Maze-Ur-v0,1,47.372881541993614
icm_ppo,Maze-Ur-v0,5,44.56416598874784
icm_ppo,Maze-Ur-v0,4,43.36561791909575
icm_ppo,Maze-Ur-v0,3,44.975787822341154
icm_ppo,Maze-Easy-v0,1,33.14216431212797
icm_ppo,Maze-Easy-v0,4,33.142163853718834
icm_ppo,Maze-Easy-v0,3,31.52228299731192
icm_ppo,Maze-Easy-v0,5,33.92695083943551
icm_ppo,Maze-Easy-v0,2,33.33333038700652
diayn_ppo,Swimmer-v3,3,22.03588186739079
diayn_ppo,Swimmer-v3,1,24.531981881003237
diayn_ppo,Swimmer-v3,2,23.985960632173057
diayn_ppo,Swimmer-v3,4,24.258971236941935
diayn_ppo,Swimmer-v3,5,31.123246375024344
diayn_ppo,HalfCheetah-v3,3,40.05763610310443
diayn_ppo,HalfCheetah-v3,1,40.219739452187945
diayn_ppo,HalfCheetah-v3,5,39.93155621712886
diayn_ppo,DMCS-Fish-v0,1,83.46456771294083
diayn_ppo,DMCS-Fish-v0,5,74.67191672128682
diayn_ppo,DMCS-Fish-v0,3,83.98950236444995
diayn_ppo,DMCS-Fish-v0,2,87.53280912875572
diayn_ppo,DMCS-Fish-v0,4,79.00262561738897
diayn_ppo,Ant-v3,3,55.05355171474583
diayn_ppo,DMCS-Finger-v0,1,56.98911795664401
diayn_ppo,DMCS-Finger-v0,5,55.47617932041993
diayn_ppo,DMCS-Finger-v0,2,59.062032351966664
diayn_ppo,DMCS-Finger-v0,4,51.65840546457551
diayn_ppo,DMCS-Finger-v0,3,51.75623254389156
diayn_ppo,DMCS-Cart-k-Pole-v0,2,41.90663962155157
diayn_ppo,DMCS-Cart-k-Pole-v0,5,40.28038302982752
diayn_ppo,DMCS-Cart-k-Pole-v0,3,33.30159145442264
diayn_ppo,DMCS-Cart-k-Pole-v0,4,30.21290992982779
diayn_ppo,DMCS-Cart-k-Pole-v0,1,32.22656633851419
diayn_ppo,DMCS-Ball-in-cup-v0,3,47.89258854965569
diayn_ppo,DMCS-Ball-in-cup-v0,1,49.011832811537445
diayn_ppo,DMCS-Ball-in-cup-v0,4,48.96587125084542
diayn_ppo,DMCS-Ball-in-cup-v0,2,47.74619325983075
diayn_ppo,DMCS-Ball-in-cup-v0,5,45.04894254021665
diayn_ppo,DMCS-Acrobot-v0,4,65.24184291611222
diayn_ppo,DMCS-Acrobot-v0,1,65.83429985147595
diayn_ppo,DMCS-Acrobot-v0,5,64.32631760577274
diayn_ppo,DMCS-Acrobot-v0,3,65.37604027256097
diayn_ppo,DMCS-Acrobot-v0,2,64.52811078040607
diayn_ppo,FetchSlide-v2,4,72.5423673337805
diayn_ppo,FetchSlide-v2,1,73.94067487219728
diayn_ppo,FetchSlide-v2,3,68.17796296729452
diayn_ppo,FetchSlide-v2,2,61.44067266692422
diayn_ppo,FetchSlide-v2,5,74.66101401817332
diayn_ppo,FetchPush-v2,4,41.02003116461822
diayn_ppo,FetchPush-v2,1,39.92713401693752
diayn_ppo,FetchPush-v2,5,32.64116386075065
diayn_ppo,FetchPush-v2,3,22.112929171083845
diayn_ppo,FetchPush-v2,2,26.99453168797578
diayn_ppo,FetchReach-v1,3,89.01516709632693
diayn_ppo,FetchReach-v1,1,65.55064443900537
diayn_ppo,FetchReach-v1,4,47.56732546032643
diayn_ppo,FetchReach-v1,2,58.51295902597356
diayn_ppo,FetchReach-v1,5,58.916072440151936
diayn_ppo,Maze-Hard-v0,3,42.49969295635596
diayn_ppo,Maze-Hard-v0,2,53.28874485317161
diayn_ppo,Maze-Hard-v0,1,64.38747250648017
diayn_ppo,Maze-Hard-v0,5,50.19200076820529
diayn_ppo,Maze-Hard-v0,4,44.419674138991574
diayn_ppo,Maze-Ur-v0,4,40.15738595844731
diayn_ppo,Maze-Ur-v0,1,71.42857439274805
diayn_ppo,Maze-Ur-v0,2,44.782080910703186
diayn_ppo,Maze-Ur-v0,5,75.6174307761354
diayn_ppo,Maze-Ur-v0,3,68.58353256150463
diayn_ppo,Maze-Easy-v0,4,94.18452081978099
diayn_ppo,Maze-Easy-v0,1,80.48092431913064
diayn_ppo,Maze-Easy-v0,3,79.19307531931395
diayn_ppo,Maze-Easy-v0,5,95.05986185259704
diayn_ppo,Maze-Easy-v0,2,84.31431186315757
csd_ppo,Swimmer-v3,2,83.19033155034207
csd_ppo,Swimmer-v3,1,53.00312269593604
csd_ppo,Swimmer-v3,4,44.266772457398574
csd_ppo,Swimmer-v3,5,35.530423275142525
csd_ppo,Swimmer-v3,3,52.69111065024668
csd_ppo,Hopper-v3,5,7.654835254838129
csd_ppo,Hopper-v3,2,10.368822530540456
csd_ppo,Hopper-v3,4,7.828809356990258
csd_ppo,Hopper-v3,3,15.100902195822316
csd_ppo,Hopper-v3,1,8.420318952350188
csd_ppo,Walker2d-v3,5,4.452521859202121
csd_ppo,Walker2d-v3,1,9.31394863548835
csd_ppo,Walker2d-v3,2,9.359381651346286
csd_ppo,Walker2d-v3,3,9.950022446782352
csd_ppo,Walker2d-v3,4,2.9532027427953627
csd_ppo,Ant-v3,4,49.326657640414936
csd_ppo,Ant-v3,5,52.54985345564138
csd_ppo,Ant-v3,3,52.81666178719545
csd_ppo,Ant-v3,2,56.77389662462063
csd_ppo,Ant-v3,1,48.80062782020305
csd_ppo,HalfCheetah-v3,2,34.72622462991949
csd_ppo,HalfCheetah-v3,1,30.385447355361478
csd_ppo,HalfCheetah-v3,4,33.10518788107867
csd_ppo,HalfCheetah-v3,3,36.45533235423649
csd_ppo,HalfCheetah-v3,5,28.53025936174002
csd_ppo,DMCS-Finger-v0,1,66.64107302201772
csd_ppo,DMCS-Finger-v0,5,64.95440385760705
csd_ppo,DMCS-Finger-v0,3,65.07668857503248
csd_ppo,DMCS-Finger-v0,4,61.012661536297706
csd_ppo,DMCS-Finger-v0,2,64.64574396452825
csd_ppo,DMCS-Fish-v0,1,61.67979138919546
csd_ppo,DMCS-Fish-v0,5,54.85564392573671
csd_ppo,DMCS-Fish-v0,3,52.88714012653307
csd_ppo,DMCS-Fish-v0,2,51.04986976532897
csd_ppo,DMCS-Fish-v0,4,54.98687734016018
csd_ppo,DMCS-Cart-k-Pole-v0,4,36.83820122170328
csd_ppo,DMCS-Cart-k-Pole-v0,1,41.758136364476634
csd_ppo,DMCS-Cart-k-Pole-v0,3,33.88914030418182
csd_ppo,DMCS-Cart-k-Pole-v0,2,48.45525074489446
csd_ppo,DMCS-Cart-k-Pole-v0,5,39.71219651853042
csd_ppo,FetchSlide-v2,1,61.54660517403817
csd_ppo,FetchSlide-v2,5,51.800844329327525
csd_ppo,FetchSlide-v2,4,50.444909487564274
csd_ppo,FetchSlide-v2,2,71.99152329901142
csd_ppo,FetchSlide-v2,3,67.0974568137187
csd_ppo,FetchPush-v2,3,43.460831246247125
csd_ppo,FetchPush-v2,4,36.28414771381806
csd_ppo,FetchPush-v2,5,25.901635971115073
csd_ppo,FetchPush-v2,2,41.53004947530711
csd_ppo,FetchPush-v2,1,44.55372855249352
csd_ppo,DMCS-Ball-in-cup-v0,5,50.39663100108086
csd_ppo,DMCS-Ball-in-cup-v0,1,50.797515127733895
csd_ppo,DMCS-Ball-in-cup-v0,4,55.98178489039653
csd_ppo,DMCS-Ball-in-cup-v0,3,51.031576976352554
csd_ppo,DMCS-Ball-in-cup-v0,2,42.53894086199909
csd_ppo,DMCS-Acrobot-v0,4,64.8650951454743
csd_ppo,DMCS-Acrobot-v0,2,66.0539864314943
csd_ppo,DMCS-Acrobot-v0,1,65.41679600051096
csd_ppo,DMCS-Acrobot-v0,3,68.62858976848399
csd_ppo,DMCS-Acrobot-v0,5,66.13251596395634
csd_ppo,Maze-Hard-v0,3,53.42500112363139
csd_ppo,Maze-Hard-v0,5,66.28267749588866
csd_ppo,Maze-Hard-v0,1,43.354395613920325
csd_ppo,Maze-Hard-v0,2,61.10492561712054
csd_ppo,Maze-Hard-v0,4,60.36170686002078
csd_ppo,Maze-Ur-v0,1,66.12591184094504
csd_ppo,Maze-Ur-v0,3,45.20581048004
csd_ppo,Maze-Ur-v0,5,96.50121808825998
csd_ppo,Maze-Ur-v0,4,72.25181465897593
csd_ppo,Maze-Ur-v0,2,77.65133317056755
csd_ppo,FetchReach-v1,5,93.48300377364305
csd_ppo,FetchReach-v1,1,51.53686620238144
csd_ppo,FetchReach-v1,3,70.42718453597149
csd_ppo,FetchReach-v1,2,64.83959056104526
csd_ppo,FetchReach-v1,4,58.87128119104861
csd_ppo,Maze-Easy-v0,3,76.29539995041794
csd_ppo,Maze-Easy-v0,5,91.1761761329042
csd_ppo,Maze-Easy-v0,1,77.75430029103507
csd_ppo,Maze-Easy-v0,2,97.46452991804675
csd_ppo,Maze-Easy-v0,4,88.90229668728946
v2_ppo_lipshitz_adaptive_sampling,Reacher-v4,4,97.4591955124428
v2_ppo_lipshitz_adaptive_sampling,Reacher-v4,1,95.66023066460228
v2_ppo_lipshitz_adaptive_sampling,Reacher-v4,2,95.38203798136742
v2_ppo_lipshitz_adaptive_sampling,Reacher-v4,3,92.9896072094592
v2_ppo_lipshitz_adaptive_sampling,Reacher-v4,5,96.43916136396672
v2_ppo_lipshitz_adaptive_sampling,Swimmer-v3,4,52.06708367588193
v2_ppo_lipshitz_adaptive_sampling,Swimmer-v3,5,32.05928466270944
v2_ppo_lipshitz_adaptive_sampling,Swimmer-v3,3,37.48050031578344
v2_ppo_lipshitz_adaptive_sampling,Swimmer-v3,2,19.500780592921664
v2_ppo_lipshitz_adaptive_sampling,Swimmer-v3,1,42.70671109519058
v2_ppo_lipshitz_adaptive_sampling,Humanoid-v3,2,76.21189586045715
v2_ppo_lipshitz_adaptive_sampling,HumanoidStandup-v4,5,73.15497502518681
v2_ppo_lipshitz_adaptive_sampling,HumanoidStandup-v4,4,69.74169665654847
v2_ppo_lipshitz_adaptive_sampling,HumanoidStandup-v4,2,78.5055324496559
v2_ppo_lipshitz_adaptive_sampling,HumanoidStandup-v4,1,69.37268999069573
v2_ppo_lipshitz_adaptive_sampling,HumanoidStandup-v4,3,75.5535074458491
v2_ppo_lipshitz_adaptive_sampling,Walker2d-v3,1,17.128578850494836
v2_ppo_lipshitz_adaptive_sampling,Walker2d-v3,4,17.401182020311044
v2_ppo_lipshitz_adaptive_sampling,Walker2d-v3,3,52.794184500171305
v2_ppo_lipshitz_adaptive_sampling,Walker2d-v3,5,18.128123283376713
v2_ppo_lipshitz_adaptive_sampling,Walker2d-v3,2,21.671968489214798
v2_ppo_lipshitz_adaptive_sampling,Ant-v3,2,33.88654909982358
v2_ppo_lipshitz_adaptive_sampling,Ant-v3,4,35.71943313043535
v2_ppo_lipshitz_adaptive_sampling,Ant-v3,3,41.27435777800703
v2_ppo_lipshitz_adaptive_sampling,Ant-v3,1,40.687631207679935
v2_ppo_lipshitz_adaptive_sampling,Ant-v3,5,43.78627467667579
v2_ppo_lipshitz_adaptive_sampling,Hopper-v3,3,6.958942128639379
v2_ppo_lipshitz_adaptive_sampling,Hopper-v3,4,6.123869054578135
v2_ppo_lipshitz_adaptive_sampling,Hopper-v3,5,4.175365168728409
v2_ppo_lipshitz_adaptive_sampling,Hopper-v3,2,7.341683832001262
v2_ppo_lipshitz_adaptive_sampling,Hopper-v3,1,5.497564012667197
v2_ppo_lipshitz_adaptive_sampling,HalfCheetah-v3,1,39.067001168080395
v2_ppo_lipshitz_adaptive_sampling,HalfCheetah-v3,4,46.019451568341005
v2_ppo_lipshitz_adaptive_sampling,HalfCheetah-v3,2,48.19884594315228
v2_ppo_lipshitz_adaptive_sampling,HalfCheetah-v3,5,97.80259687398966
v2_ppo_lipshitz_adaptive_sampling,HalfCheetah-v3,3,46.39769365842496
v2_ppo_lipshitz_adaptive_sampling,DMCS-Fish-v0,5,51.57480404409206
v2_ppo_lipshitz_adaptive_sampling,DMCS-Fish-v0,3,58.0052495611116
v2_ppo_lipshitz_adaptive_sampling,DMCS-Fish-v0,1,66.66666787503011
v2_ppo_lipshitz_adaptive_sampling,DMCS-Fish-v0,4,54.98687745446668
v2_ppo_lipshitz_adaptive_sampling,DMCS-Fish-v0,2,62.46719222355765
v2_ppo_lipshitz_adaptive_sampling,DMCS-Finger-v0,2,59.32262376107451
v2_ppo_lipshitz_adaptive_sampling,DMCS-Finger-v0,1,63.23485055025466
v2_ppo_lipshitz_adaptive_sampling,DMCS-Finger-v0,4,81.99987279096256
v2_ppo_lipshitz_adaptive_sampling,DMCS-Finger-v0,3,100.0
v2_ppo_lipshitz_adaptive_sampling,DMCS-Finger-v0,5,78.09523872665639
v2_ppo_lipshitz_adaptive_sampling,DMCS-Cart-k-Pole-v0,5,40.12542540821465
v2_ppo_lipshitz_adaptive_sampling,DMCS-Cart-k-Pole-v0,4,66.11651770447273
v2_ppo_lipshitz_adaptive_sampling,DMCS-Cart-k-Pole-v0,1,30.585782356423802
v2_ppo_lipshitz_adaptive_sampling,DMCS-Cart-k-Pole-v0,2,100.0
v2_ppo_lipshitz_adaptive_sampling,DMCS-Cart-k-Pole-v0,3,97.43994942979843
v2_ppo_lipshitz_adaptive_sampling,DMCS-Acrobot-v0,2,100.0
v2_ppo_lipshitz_adaptive_sampling,DMCS-Acrobot-v0,5,96.42338650004419
v2_ppo_lipshitz_adaptive_sampling,DMCS-Acrobot-v0,1,99.6381641605329
v2_ppo_lipshitz_adaptive_sampling,DMCS-Acrobot-v0,3,91.69267475111444
v2_ppo_lipshitz_adaptive_sampling,DMCS-Acrobot-v0,4,98.15900836483604
v2_ppo_lipshitz_adaptive_sampling,DMCS-Ball-in-cup-v0,5,74.28547681379071
v2_ppo_lipshitz_adaptive_sampling,DMCS-Ball-in-cup-v0,3,83.16708330877188
v2_ppo_lipshitz_adaptive_sampling,DMCS-Ball-in-cup-v0,4,64.10163035143295
v2_ppo_lipshitz_adaptive_sampling,DMCS-Ball-in-cup-v0,2,53.86246034279446
v2_ppo_lipshitz_adaptive_sampling,DMCS-Ball-in-cup-v0,1,61.19755390560406
v2_ppo_lipshitz_adaptive_sampling,FetchSlide-v2,1,97.77543672145212
v2_ppo_lipshitz_adaptive_sampling,FetchSlide-v2,3,91.01695712368387
v2_ppo_lipshitz_adaptive_sampling,FetchSlide-v2,2,98.75000896132634
v2_ppo_lipshitz_adaptive_sampling,FetchSlide-v2,5,93.02967305371003
v2_ppo_lipshitz_adaptive_sampling,FetchSlide-v2,4,88.36865298108563
v2_ppo_lipshitz_adaptive_sampling,FetchPush-v2,5,54.3169384890562
v2_ppo_lipshitz_adaptive_sampling,FetchPush-v2,3,46.3023657628847
v2_ppo_lipshitz_adaptive_sampling,FetchPush-v2,1,62.222219395875854
v2_ppo_lipshitz_adaptive_sampling,FetchPush-v2,2,66.52094299567125
v2_ppo_lipshitz_adaptive_sampling,FetchPush-v2,4,53.260472127932076
v2_ppo_lipshitz_adaptive_sampling,FetchReach-v1,2,45.17104020884994
v2_ppo_lipshitz_adaptive_sampling,FetchReach-v1,1,40.33928368500606
v2_ppo_lipshitz_adaptive_sampling,FetchReach-v1,4,55.73035573527264
v2_ppo_lipshitz_adaptive_sampling,FetchReach-v1,5,14.853590050672544
v2_ppo_lipshitz_adaptive_sampling,FetchReach-v1,3,31.29163884476806
v2_ppo_lipshitz_adaptive_sampling,Maze-Ur-v0,3,65.13317716491672
v2_ppo_lipshitz_adaptive_sampling,Maze-Ur-v0,2,70.23002339885225
v2_ppo_lipshitz_adaptive_sampling,Maze-Ur-v0,4,87.08233283349678
v2_ppo_lipshitz_adaptive_sampling,Maze-Ur-v0,1,28.9951612029301
v2_ppo_lipshitz_adaptive_sampling,Maze-Ur-v0,5,59.09201457844598
v2_ppo_lipshitz_adaptive_sampling,Maze-Hard-v0,3,63.96631095381864
v2_ppo_lipshitz_adaptive_sampling,Maze-Hard-v0,4,21.81345395968244
v2_ppo_lipshitz_adaptive_sampling,Maze-Hard-v0,1,28.378549002066222
v2_ppo_lipshitz_adaptive_sampling,Maze-Hard-v0,5,48.30918444856202
v2_ppo_lipshitz_adaptive_sampling,Maze-Hard-v0,2,30.112725215297704
v2_ppo_lipshitz_adaptive_sampling,Maze-Easy-v0,4,67.80359727148195
v2_ppo_lipshitz_adaptive_sampling,Maze-Easy-v0,3,86.09517894912759
v2_ppo_lipshitz_adaptive_sampling,Maze-Easy-v0,1,58.77854651217683
v2_ppo_lipshitz_adaptive_sampling,Maze-Easy-v0,5,77.67380516134824
v2_ppo_lipshitz_adaptive_sampling,Maze-Easy-v0,2,71.75772389786556
rnd_ppo,Swimmer-v3,2,93.87675770531965
rnd_ppo,Swimmer-v3,1,98.82995630139429
rnd_ppo,Swimmer-v3,5,74.84399527858126
rnd_ppo,Swimmer-v3,4,72.73791135158876
rnd_ppo,Swimmer-v3,3,95.31981401082449
rnd_ppo,Walker2d-v3,1,51.930940417974114
rnd_ppo,Walker2d-v3,2,43.88914189338926
rnd_ppo,Walker2d-v3,5,47.251249094935524
rnd_ppo,Walker2d-v3,3,52.38527854141066
rnd_ppo,Walker2d-v3,4,55.61108508483355
rnd_ppo,Ant-v3,4,56.579796735059276
rnd_ppo,Ant-v3,5,54.26893361444334
rnd_ppo,Ant-v3,1,58.9836002716817
rnd_ppo,Ant-v3,3,58.23818043079155
rnd_ppo,Ant-v3,2,54.65081058667959
rnd_ppo,Hopper-v3,5,68.99790809784483
rnd_ppo,Hopper-v3,1,58.5942911935295
rnd_ppo,Hopper-v3,4,78.56645179754072
rnd_ppo,Hopper-v3,2,84.06401556587141
rnd_ppo,Hopper-v3,3,88.8656868265322
rnd_ppo,HalfCheetah-v3,1,54.881123358545295
rnd_ppo,HalfCheetah-v3,3,44.68659959727358
rnd_ppo,HalfCheetah-v3,2,52.12536097671753
rnd_ppo,HalfCheetah-v3,4,42.723343149204815
rnd_ppo,HalfCheetah-v3,5,50.360229267230835
rnd_ppo,DMCS-Finger-v0,2,76.49542572102563
rnd_ppo,DMCS-Finger-v0,1,65.59280929870374
rnd_ppo,DMCS-Finger-v0,3,70.2319865128086
rnd_ppo,DMCS-Finger-v0,4,61.450354452807176
rnd_ppo,DMCS-Finger-v0,5,67.21032397629362
rnd_ppo,DMCS-Fish-v0,1,93.04461975325495
rnd_ppo,DMCS-Fish-v0,5,71.25984336733752
rnd_ppo,DMCS-Fish-v0,2,69.68503952259482
rnd_ppo,DMCS-Fish-v0,4,77.9527555817149
rnd_ppo,DMCS-Fish-v0,3,80.83989529696058
rnd_ppo,DMCS-Cart-k-Pole-v0,2,28.919972527108666
rnd_ppo,DMCS-Cart-k-Pole-v0,5,30.792388292379336
rnd_ppo,DMCS-Cart-k-Pole-v0,4,25.75865364779516
rnd_ppo,DMCS-Cart-k-Pole-v0,3,26.037902876380098
rnd_ppo,DMCS-Cart-k-Pole-v0,1,33.99486514626398
rnd_ppo,DMCS-Ball-in-cup-v0,3,68.082388126932
rnd_ppo,DMCS-Ball-in-cup-v0,4,72.29891370095243
rnd_ppo,DMCS-Ball-in-cup-v0,1,65.29236225263409
rnd_ppo,DMCS-Ball-in-cup-v0,2,73.81563887824231
rnd_ppo,DMCS-Ball-in-cup-v0,5,63.32198413123806
rnd_ppo,DMCS-Acrobot-v0,2,63.16724954468427
rnd_ppo,DMCS-Acrobot-v0,4,65.57584618122938
rnd_ppo,DMCS-Acrobot-v0,5,64.01816135861127
rnd_ppo,DMCS-Acrobot-v0,1,64.34520513788145
rnd_ppo,DMCS-Acrobot-v0,3,61.74077978436298
rnd_ppo,FetchSlide-v2,1,79.02542141398253
rnd_ppo,FetchSlide-v2,5,81.03813858374387
rnd_ppo,FetchSlide-v2,3,44.38558918696035
rnd_ppo,FetchSlide-v2,2,29.703385855898283
rnd_ppo,FetchSlide-v2,4,72.75423793466554
rnd_ppo,Maze-Hard-v0,5,44.98947177630918
rnd_ppo,Maze-Hard-v0,2,60.621830988075054
rnd_ppo,Maze-Hard-v0,4,21.144557299137183
rnd_ppo,Maze-Hard-v0,3,35.46389306053784
rnd_ppo,Maze-Hard-v0,1,27.288493399460407
rnd_ppo,FetchPush-v2,5,63.351542476602496
rnd_ppo,FetchPush-v2,2,38.36064972801731
rnd_ppo,FetchPush-v2,1,75.15482072977291
rnd_ppo,FetchPush-v2,3,51.91256205457265
rnd_ppo,FetchPush-v2,4,47.65026790850768
rnd_ppo,FetchReach-v1,3,39.55545411434234
rnd_ppo,FetchReach-v1,5,60.98202281547067
rnd_ppo,FetchReach-v1,4,59.1680142192615
rnd_ppo,FetchReach-v1,1,68.89311208190479
rnd_ppo,FetchReach-v1,2,18.033703396570587
rnd_ppo,Maze-Easy-v0,3,90.67309416770077
rnd_ppo,Maze-Easy-v0,5,68.8801571235532
rnd_ppo,Maze-Easy-v0,4,79.50497282300265
rnd_ppo,Maze-Easy-v0,2,35.888914283729434
rnd_ppo,Maze-Easy-v0,1,87.11136812115629
rnd_ppo,Maze-Ur-v0,4,38.29298041584377
rnd_ppo,Maze-Ur-v0,1,42.39709517372108
rnd_ppo,Maze-Ur-v0,2,64.69733288665601
rnd_ppo,Maze-Ur-v0,5,62.54237546464717
rnd_ppo,Maze-Ur-v0,3,25.72639221235347
v2_ppo_kl_adaptive_sampling,HalfCheetah-v3,1,91.42651673118395
v2_ppo_kl_adaptive_sampling,HalfCheetah-v3,2,75.7744961835394
v2_ppo_kl_adaptive_sampling,HalfCheetah-v3,3,46.63184329380109
v2_ppo_kl_adaptive_sampling,HalfCheetah-v3,4,61.419311754416164
ppo,Swimmer-v3,5,9.204367704125332
ppo,Swimmer-v3,4,9.67238645991027
ppo,Swimmer-v3,2,7.176286969030665
ppo,Swimmer-v3,1,10.725428728195098
ppo,Swimmer-v3,3,8.814351912540037
ppo,HumanoidStandup-v4,1,9.317341305075459
ppo,HumanoidStandup-v4,5,18.542429889537644
ppo,HumanoidStandup-v4,2,12.822874981576474
ppo,HumanoidStandup-v4,3,9.870847581369018
ppo,HumanoidStandup-v4,4,7.472323991217678
ppo,Reacher-v4,5,60.14462637290949
ppo,Reacher-v4,2,55.52667688159808
ppo,Reacher-v4,4,52.93023930456373
ppo,Reacher-v4,1,52.20694576438327
ppo,Reacher-v4,3,52.83750980717882
ppo,Walker2d-v3,4,1.4993183342796363
ppo,Walker2d-v3,5,1.4084507030540963
ppo,Walker2d-v3,2,1.4084505342409408
ppo,Walker2d-v3,1,1.7264877547834192
ppo,Walker2d-v3,3,1.4084507348924336
ppo,Humanoid-v3,2,5.6721623736187885
ppo,Humanoid-v3,3,5.747125122132295
ppo,Humanoid-v3,5,5.522237423051606
ppo,Humanoid-v3,4,5.497250224240943
ppo,Humanoid-v3,1,6.046974747786731
ppo,Ant-v3,4,1.495896219815252
ppo,Ant-v3,5,1.7089633840471807
ppo,Ant-v3,1,1.6666028827505324
ppo,Ant-v3,3,1.6944216926020044
ppo,Ant-v3,2,2.265972795711104
ppo,HalfCheetah-v3,1,9.90633800343826
ppo,HalfCheetah-v3,3,9.546108238401754
ppo,HalfCheetah-v3,2,10.842937462404196
ppo,HalfCheetah-v3,4,7.24063322839956
ppo,HalfCheetah-v3,5,8.393370577779704
ppo,Hopper-v3,4,1.2526092753052063
ppo,Hopper-v3,1,0.9742517763943939
ppo,Hopper-v3,3,0.9742517089598637
ppo,Hopper-v3,2,1.1830199231647884
ppo,Hopper-v3,5,1.0786358024870037
ppo,DMCS-Fish-v0,5,21.259841936193325
ppo,DMCS-Fish-v0,2,22.572177602207354
ppo,DMCS-Fish-v0,3,19.160104346754256
ppo,DMCS-Fish-v0,4,21.259841821859517
ppo,DMCS-Fish-v0,1,19.55380513610255
ppo,DMCS-Cart-k-Pole-v0,4,4.5252770271311675
ppo,DMCS-Cart-k-Pole-v0,3,3.6988310729822076
ppo,DMCS-Cart-k-Pole-v0,2,3.9086709945708598
ppo,DMCS-Cart-k-Pole-v0,5,5.123320504277757
ppo,DMCS-Cart-k-Pole-v0,1,4.493801046120912
ppo,DMCS-Finger-v0,5,5.948874659842264
ppo,DMCS-Finger-v0,1,6.538364610006503
ppo,DMCS-Finger-v0,2,6.890034496152471
ppo,DMCS-Finger-v0,3,6.631974570590515
ppo,DMCS-Finger-v0,4,6.454031296646249
ppo,DMCS-Acrobot-v0,3,6.663151486815011
ppo,DMCS-Acrobot-v0,1,6.45241187428232
ppo,DMCS-Acrobot-v0,2,6.648240691164826
ppo,DMCS-Acrobot-v0,4,6.684026647042511
ppo,DMCS-Acrobot-v0,5,6.476269176715421
ppo,DMCS-Ball-in-cup-v0,4,5.389393998956241
ppo,DMCS-Ball-in-cup-v0,1,5.924758430816522
ppo,DMCS-Ball-in-cup-v0,5,4.951059028303849
ppo,DMCS-Ball-in-cup-v0,2,5.970719752287415
ppo,DMCS-Ball-in-cup-v0,3,5.370668990913344
ppo,FetchSlide-v2,3,5.847456165808703
ppo,FetchSlide-v2,1,7.2033877515238025
ppo,FetchSlide-v2,5,13.749996736579565
ppo,FetchSlide-v2,2,9.576268870715408
ppo,FetchSlide-v2,4,14.766945078135988
ppo,FetchPush-v2,5,11.83970616484368
ppo,FetchPush-v2,4,6.010929428736689
ppo,FetchPush-v2,1,10.346082198019205
ppo,FetchPush-v2,3,12.604734156459443
ppo,FetchPush-v2,2,11.111109290241467
ppo,FetchReach-v1,4,10.80006544211088
ppo,FetchReach-v1,1,12.244552653713114
ppo,FetchReach-v1,2,17.944119316544782
ppo,FetchReach-v1,5,17.283462087501164
ppo,FetchReach-v1,3,15.335083930237692
ppo,Maze-Hard-v0,5,26.47094761463256
ppo,Maze-Hard-v0,3,17.96110287958122
ppo,Maze-Hard-v0,4,9.562738996521274
ppo,Maze-Hard-v0,1,21.875384007901385
ppo,Maze-Hard-v0,2,11.495105441944007
ppo,Maze-Ur-v0,2,16.04115912915888
ppo,Maze-Ur-v0,1,13.075058589156608
ppo,Maze-Ur-v0,3,16.271184410739682
ppo,Maze-Ur-v0,4,22.493942365538583
ppo,Maze-Ur-v0,5,17.481836883603137
ppo,Maze-Easy-v0,2,23.74483509960156
ppo,Maze-Easy-v0,3,20.42458442730051
ppo,Maze-Easy-v0,4,13.019415736284257
ppo,Maze-Easy-v0,1,17.808628728134984
ppo,Maze-Easy-v0,5,19.60961287711408
v1_ppo_lipshitz_adaptive_sampling,Swimmer-v3,3,48.32293508433886
v1_ppo_lipshitz_adaptive_sampling,Swimmer-v3,4,35.764432454283316
v1_ppo_lipshitz_adaptive_sampling,Swimmer-v3,5,35.296413627574616
v1_ppo_lipshitz_adaptive_sampling,Swimmer-v3,1,33.19032946372571
v1_ppo_lipshitz_adaptive_sampling,Swimmer-v3,2,34.86739632107192
v1_ppo_lipshitz_adaptive_sampling,Humanoid-v3,2,56.82159347460435
v1_ppo_lipshitz_adaptive_sampling,Humanoid-v3,3,48.57571583696951
v1_ppo_lipshitz_adaptive_sampling,Humanoid-v3,4,63.46826837872219
v1_ppo_lipshitz_adaptive_sampling,Humanoid-v3,5,52.44877717663741
v1_ppo_lipshitz_adaptive_sampling,Humanoid-v3,1,69.21539455453232
v1_ppo_lipshitz_adaptive_sampling,Ant-v3,4,53.18589237489609
v1_ppo_lipshitz_adaptive_sampling,Ant-v3,2,54.48009914296065
v1_ppo_lipshitz_adaptive_sampling,Ant-v3,3,35.92744381449683
v1_ppo_lipshitz_adaptive_sampling,Ant-v3,5,48.72222604607553
v1_ppo_lipshitz_adaptive_sampling,Ant-v3,1,33.66715838567982
v1_ppo_lipshitz_adaptive_sampling,Walker2d-v3,1,34.25715570221091
v1_ppo_lipshitz_adaptive_sampling,Walker2d-v3,4,46.16083596537802
v1_ppo_lipshitz_adaptive_sampling,Walker2d-v3,2,16.76510720670376
v1_ppo_lipshitz_adaptive_sampling,Walker2d-v3,5,12.26715174695088
v1_ppo_lipshitz_adaptive_sampling,Walker2d-v3,3,19.21853708991042
v1_ppo_lipshitz_adaptive_sampling,Hopper-v3,4,81.87194985405046
v1_ppo_lipshitz_adaptive_sampling,Hopper-v3,1,70.77243667539697
v1_ppo_lipshitz_adaptive_sampling,Hopper-v3,3,53.131516708874734
v1_ppo_lipshitz_adaptive_sampling,Hopper-v3,5,54.314537335594146
v1_ppo_lipshitz_adaptive_sampling,Hopper-v3,2,85.21223532253866
v1_ppo_lipshitz_adaptive_sampling,HalfCheetah-v3,5,58.03313983002858
v1_ppo_lipshitz_adaptive_sampling,HalfCheetah-v3,3,56.358069993877436
v1_ppo_lipshitz_adaptive_sampling,HalfCheetah-v3,1,56.89841395142036
v1_ppo_lipshitz_adaptive_sampling,HalfCheetah-v3,4,61.47334212964874
v1_ppo_lipshitz_adaptive_sampling,HalfCheetah-v3,2,70.64120812209471
v1_ppo_lipshitz_adaptive_sampling,DMCS-Cart-k-Pole-v0,3,87.27643838474614
v1_ppo_lipshitz_adaptive_sampling,DMCS-Cart-k-Pole-v0,5,68.94933945036547
v1_ppo_lipshitz_adaptive_sampling,DMCS-Cart-k-Pole-v0,4,36.652572295992236
v1_ppo_lipshitz_adaptive_sampling,DMCS-Cart-k-Pole-v0,1,54.56482285461035
v1_ppo_lipshitz_adaptive_sampling,DMCS-Cart-k-Pole-v0,2,37.11825634330513
v1_ppo_lipshitz_adaptive_sampling,DMCS-Fish-v0,4,92.38845187650658
v1_ppo_lipshitz_adaptive_sampling,DMCS-Fish-v0,1,53.93700848477453
v1_ppo_lipshitz_adaptive_sampling,DMCS-Fish-v0,5,41.20734963447794
v1_ppo_lipshitz_adaptive_sampling,DMCS-Fish-v0,3,53.2808401987253
v1_ppo_lipshitz_adaptive_sampling,DMCS-Fish-v0,2,32.67716519788588
v1_ppo_lipshitz_adaptive_sampling,DMCS-Finger-v0,4,50.711340945709395
v1_ppo_lipshitz_adaptive_sampling,DMCS-Finger-v0,2,51.779844259003895
v1_ppo_lipshitz_adaptive_sampling,DMCS-Finger-v0,5,64.64490329200457
v1_ppo_lipshitz_adaptive_sampling,DMCS-Finger-v0,3,70.1257274875145
v1_ppo_lipshitz_adaptive_sampling,DMCS-Finger-v0,1,65.16186663909642
v1_ppo_lipshitz_adaptive_sampling,DMCS-Ball-in-cup-v0,4,100.0
v1_ppo_lipshitz_adaptive_sampling,DMCS-Ball-in-cup-v0,5,43.32283536853909
v1_ppo_lipshitz_adaptive_sampling,DMCS-Ball-in-cup-v0,1,16.843136808281663
v1_ppo_lipshitz_adaptive_sampling,DMCS-Ball-in-cup-v0,2,81.91505725468116
v1_ppo_lipshitz_adaptive_sampling,DMCS-Ball-in-cup-v0,3,61.96612242630087
v1_ppo_lipshitz_adaptive_sampling,DMCS-Acrobot-v0,3,95.89454984141511
v1_ppo_lipshitz_adaptive_sampling,DMCS-Acrobot-v0,2,92.75333243076933
v1_ppo_lipshitz_adaptive_sampling,DMCS-Acrobot-v0,4,93.80802565621262
v1_ppo_lipshitz_adaptive_sampling,DMCS-Acrobot-v0,1,96.97906500480553
v1_ppo_lipshitz_adaptive_sampling,DMCS-Acrobot-v0,5,92.36465517736049
v1_ppo_lipshitz_adaptive_sampling,FetchSlide-v2,3,85.72034080429609
v1_ppo_lipshitz_adaptive_sampling,FetchSlide-v2,2,89.97881406267867
v1_ppo_lipshitz_adaptive_sampling,FetchSlide-v2,5,61.758466010262545
v1_ppo_lipshitz_adaptive_sampling,FetchSlide-v2,1,86.58898031843843
v1_ppo_lipshitz_adaptive_sampling,FetchSlide-v2,4,89.3644095059473
v1_ppo_lipshitz_adaptive_sampling,FetchPush-v2,3,38.21493584521659
v1_ppo_lipshitz_adaptive_sampling,FetchPush-v2,1,59.16210565334964
v1_ppo_lipshitz_adaptive_sampling,FetchPush-v2,2,40.619303593487544
v1_ppo_lipshitz_adaptive_sampling,FetchPush-v2,4,53.22404100305212
v1_ppo_lipshitz_adaptive_sampling,FetchPush-v2,5,38.32422247880466
v1_ppo_lipshitz_adaptive_sampling,FetchReach-v1,2,33.68792193460647
v1_ppo_lipshitz_adaptive_sampling,FetchReach-v1,1,66.63120806647306
v1_ppo_lipshitz_adaptive_sampling,FetchReach-v1,4,58.020268379838214
v1_ppo_lipshitz_adaptive_sampling,FetchReach-v1,3,46.408378009080025
v1_ppo_lipshitz_adaptive_sampling,FetchReach-v1,5,28.363474355844144
v1_ppo_lipshitz_adaptive_sampling,Maze-Hard-v0,1,81.19659589332237
v1_ppo_lipshitz_adaptive_sampling,Maze-Hard-v0,3,22.556672314679883
v1_ppo_lipshitz_adaptive_sampling,Maze-Hard-v0,2,50.09290928941039
v1_ppo_lipshitz_adaptive_sampling,Maze-Hard-v0,5,58.51605141491972
v1_ppo_lipshitz_adaptive_sampling,Maze-Hard-v0,4,16.58615239115585
v1_ppo_lipshitz_adaptive_sampling,Maze-Ur-v0,1,24.697338531006753
v1_ppo_lipshitz_adaptive_sampling,Maze-Ur-v0,2,55.59322188519641
v1_ppo_lipshitz_adaptive_sampling,Maze-Ur-v0,3,83.17192234960764
v1_ppo_lipshitz_adaptive_sampling,Maze-Ur-v0,5,84.45521430648796
v1_ppo_lipshitz_adaptive_sampling,Maze-Ur-v0,4,66.23487536833143
v1_ppo_lipshitz_adaptive_sampling,Maze-Easy-v0,5,50.06540005108824
v1_ppo_lipshitz_adaptive_sampling,Maze-Easy-v0,3,30.6067016162923
v1_ppo_lipshitz_adaptive_sampling,Maze-Easy-v0,2,42.38856967338415
v1_ppo_lipshitz_adaptive_sampling,Maze-Easy-v0,4,29.852099158525952
v1_ppo_lipshitz_adaptive_sampling,Maze-Easy-v0,1,50.991046250266
aux_ppo,Swimmer-v3,2,73.7519520341967
aux_ppo,Swimmer-v3,3,61.6224658147493
aux_ppo,Swimmer-v3,1,62.09048242802906
aux_ppo,Swimmer-v3,4,52.223090233096634
aux_ppo,Swimmer-v3,5,100.0
aux_ppo,Walker2d-v3,3,61.33575550933629
aux_ppo,Walker2d-v3,1,47.70558969913915
aux_ppo,Walker2d-v3,5,42.34438846762468
aux_ppo,Walker2d-v3,2,43.16220016525981
aux_ppo,Walker2d-v3,4,48.88686974460321
aux_ppo,Ant-v3,3,70.45951613177061
aux_ppo,Ant-v3,1,74.40663622803358
aux_ppo,Ant-v3,5,62.89784231966659
aux_ppo,Ant-v3,4,69.88164345533549
aux_ppo,Ant-v3,2,64.94568900807856
aux_ppo,Hopper-v3,5,90.98816441310834
aux_ppo,Hopper-v3,1,91.47529482705676
aux_ppo,Hopper-v3,4,90.01391431400494
aux_ppo,Hopper-v3,2,89.1788413115706
aux_ppo,Hopper-v3,3,100.0
aux_ppo,HalfCheetah-v3,3,47.26224841326633
aux_ppo,HalfCheetah-v3,5,30.943805106490185
aux_ppo,HalfCheetah-v3,2,44.83069224488573
aux_ppo,HalfCheetah-v3,4,72.6224803501047
aux_ppo,HalfCheetah-v3,1,38.958934816815606
aux_ppo,DMCS-Fish-v0,1,32.93963211008123
aux_ppo,DMCS-Fish-v0,3,45.931758869077576
aux_ppo,DMCS-Fish-v0,2,42.257218714782034
aux_ppo,DMCS-Fish-v0,5,41.207349494893066
aux_ppo,DMCS-Fish-v0,4,68.63517136651551
aux_ppo,DMCS-Finger-v0,2,63.20617734687105
aux_ppo,DMCS-Finger-v0,1,50.59327983714075
aux_ppo,DMCS-Finger-v0,4,64.81610051729261
aux_ppo,DMCS-Finger-v0,5,66.43867363825896
aux_ppo,DMCS-Finger-v0,3,61.98418446280242
aux_ppo,DMCS-Cart-k-Pole-v0,5,46.19301720790685
aux_ppo,DMCS-Cart-k-Pole-v0,3,46.57476158802654
aux_ppo,DMCS-Cart-k-Pole-v0,1,56.657565633960196
aux_ppo,DMCS-Cart-k-Pole-v0,4,41.606401179182065
aux_ppo,DMCS-Cart-k-Pole-v0,2,41.17300055230019
aux_ppo,DMCS-Acrobot-v0,1,46.01680811419852
aux_ppo,DMCS-Acrobot-v0,2,46.48301922784507
aux_ppo,DMCS-Acrobot-v0,4,45.15197990218569
aux_ppo,DMCS-Acrobot-v0,5,43.809010938364445
aux_ppo,DMCS-Acrobot-v0,3,45.510833399994624
aux_ppo,DMCS-Ball-in-cup-v0,3,66.66184099842441
aux_ppo,DMCS-Ball-in-cup-v0,4,69.37356044958905
aux_ppo,DMCS-Ball-in-cup-v0,5,65.81921674980626
aux_ppo,DMCS-Ball-in-cup-v0,1,60.63494613346169
aux_ppo,DMCS-Ball-in-cup-v0,2,69.1250299722509
aux_ppo,FetchSlide-v2,2,45.08473961661459
aux_ppo,FetchSlide-v2,5,59.06779520304419
aux_ppo,FetchSlide-v2,1,25.974570274017093
aux_ppo,FetchSlide-v2,3,54.618637711558904
aux_ppo,FetchSlide-v2,4,40.10592414708402
aux_ppo,FetchReach-v1,1,61.42993160355683
aux_ppo,FetchReach-v1,2,71.48535967307357
aux_ppo,FetchReach-v1,5,59.767090979491655
aux_ppo,FetchReach-v1,4,57.72353247000373
aux_ppo,FetchReach-v1,3,71.59733565150715
aux_ppo,FetchPush-v2,5,24.735881175598244
aux_ppo,FetchPush-v2,4,25.901635485589082
aux_ppo,FetchPush-v2,2,25.79234531325829
aux_ppo,FetchPush-v2,3,24.626590843634695
aux_ppo,FetchPush-v2,1,24.845170108540398
aux_ppo,Maze-Hard-v0,4,58.63991971530397
aux_ppo,Maze-Hard-v0,1,60.510351912845664
aux_ppo,Maze-Hard-v0,2,59.18494517736534
aux_ppo,Maze-Hard-v0,5,59.135399328310946
aux_ppo,Maze-Hard-v0,3,56.682777985508515
aux_ppo,Maze-Easy-v0,1,94.3555631982588
aux_ppo,Maze-Easy-v0,3,70.10765328931512
aux_ppo,Maze-Easy-v0,4,76.44631553770049
aux_ppo,Maze-Easy-v0,5,97.90722861603342
aux_ppo,Maze-Easy-v0,2,93.95310446189985
aux_ppo,Maze-Ur-v0,3,67.26392419363731
aux_ppo,Maze-Ur-v0,2,51.13801526030248
aux_ppo,Maze-Ur-v0,1,52.67554853597366
aux_ppo,Maze-Ur-v0,4,66.96126332258874
aux_ppo,Maze-Ur-v0,5,84.68523401736317
apt_ppo,Swimmer-v3,2,76.09204347297779
apt_ppo,Swimmer-v3,4,72.15288716383576
apt_ppo,Swimmer-v3,5,80.9282338874334
apt_ppo,Swimmer-v3,3,64.97660132299715
apt_ppo,Swimmer-v3,1,82.60530435429087
apt_ppo,Walker2d-v3,4,55.1567470171042
apt_ppo,Walker2d-v3,2,64.28896056948166
apt_ppo,Walker2d-v3,5,38.30077305127454
apt_ppo,Walker2d-v3,3,49.477510247459655
apt_ppo,Walker2d-v3,1,42.662425048407435
apt_ppo,Ant-v3,3,94.43938579892783
apt_ppo,Ant-v3,2,90.2640263454158
apt_ppo,Ant-v3,4,81.3335354841211
apt_ppo,Ant-v3,1,85.83829589687205
apt_ppo,Ant-v3,5,73.48102737765726
apt_ppo,Hopper-v3,2,68.61516553974703
apt_ppo,Hopper-v3,5,59.42936070956032
apt_ppo,Hopper-v3,1,61.06471399317328
apt_ppo,Hopper-v3,3,78.35768469955045
apt_ppo,Hopper-v3,4,76.33959160939334
apt_ppo,HalfCheetah-v3,3,52.4495671404277
apt_ppo,HalfCheetah-v3,4,44.992795500943004
apt_ppo,HalfCheetah-v3,5,43.2456783526625
apt_ppo,HalfCheetah-v3,1,28.584294489514722
apt_ppo,HalfCheetah-v3,2,34.20389064350064
apt_ppo,DMCS-Fish-v0,2,47.637795281496906
apt_ppo,DMCS-Fish-v0,5,44.22572259653697
apt_ppo,DMCS-Fish-v0,4,44.88189028047963
apt_ppo,DMCS-Fish-v0,1,57.34908186713462
apt_ppo,DMCS-Fish-v0,3,59.055118477049376
apt_ppo,DMCS-Cart-k-Pole-v0,4,50.868407850757805
apt_ppo,DMCS-Cart-k-Pole-v0,3,55.81497791370421
apt_ppo,DMCS-Cart-k-Pole-v0,2,51.555229720057106
apt_ppo,DMCS-Cart-k-Pole-v0,5,54.67538765660872
apt_ppo,DMCS-Cart-k-Pole-v0,1,38.76953277574691
apt_ppo,DMCS-Finger-v0,5,46.417091456633294
apt_ppo,DMCS-Finger-v0,2,55.34377723830224
apt_ppo,DMCS-Finger-v0,3,59.406115942809045
apt_ppo,DMCS-Finger-v0,4,56.744554630084444
apt_ppo,DMCS-Finger-v0,1,52.16525379117869
apt_ppo,DMCS-Ball-in-cup-v0,3,70.87666687669963
apt_ppo,DMCS-Ball-in-cup-v0,1,67.50446564704613
apt_ppo,DMCS-Ball-in-cup-v0,4,59.24419044182439
apt_ppo,DMCS-Ball-in-cup-v0,5,73.88458247819166
apt_ppo,DMCS-Ball-in-cup-v0,2,77.57595778243879
apt_ppo,DMCS-Acrobot-v0,5,45.48598214158576
apt_ppo,DMCS-Acrobot-v0,1,40.517693285510525
apt_ppo,DMCS-Acrobot-v0,3,47.48800938399064
apt_ppo,DMCS-Acrobot-v0,2,46.10925470223552
apt_ppo,DMCS-Acrobot-v0,4,44.16687095866145
apt_ppo,FetchSlide-v2,1,68.13558862705922
apt_ppo,FetchSlide-v2,4,66.31355894701112
apt_ppo,FetchSlide-v2,3,82.92372380107457
apt_ppo,FetchSlide-v2,2,70.88982469524073
apt_ppo,FetchSlide-v2,5,65.97457401661804
apt_ppo,FetchPush-v2,1,100.0
apt_ppo,FetchPush-v2,2,93.15118180910021
apt_ppo,FetchPush-v2,4,97.88706631945257
apt_ppo,FetchPush-v2,5,97.4134761004497
apt_ppo,FetchPush-v2,3,92.20400317799825
apt_ppo,FetchReach-v1,5,52.046356812190616
apt_ppo,FetchReach-v1,1,63.305521353495045
apt_ppo,FetchReach-v1,4,47.92004616435238
apt_ppo,FetchReach-v1,2,51.98476639513415
apt_ppo,FetchReach-v1,3,74.81103370734095
apt_ppo,Maze-Easy-v0,4,99.9295689185999
apt_ppo,Maze-Easy-v0,5,99.85913766585344
apt_ppo,Maze-Easy-v0,1,99.88932284344733
apt_ppo,Maze-Easy-v0,2,100.0
apt_ppo,Maze-Easy-v0,3,99.95975356459961
apt_ppo,Maze-Hard-v0,5,70.98972809034638
apt_ppo,Maze-Hard-v0,4,66.1216490058737
apt_ppo,Maze-Hard-v0,3,100.0
apt_ppo,Maze-Hard-v0,2,71.6338453381782
apt_ppo,Maze-Hard-v0,1,75.74631899409313
apt_ppo,Maze-Ur-v0,2,86.06538096211317
apt_ppo,Maze-Ur-v0,5,93.99516499533283
apt_ppo,Maze-Ur-v0,1,83.82566631625103
apt_ppo,Maze-Ur-v0,3,91.51331845338846
apt_ppo,Maze-Ur-v0,4,86.7312421884181
v1_ppo_kl_adaptive_sampling,Swimmer-v3,3,97.62090855496226
v1_ppo_kl_adaptive_sampling,Swimmer-v3,1,40.95164106534941
v1_ppo_kl_adaptive_sampling,Swimmer-v3,5,57.64430867546735
v1_ppo_kl_adaptive_sampling,Swimmer-v3,4,43.759753628222
v1_ppo_kl_adaptive_sampling,Swimmer-v3,2,35.84243619181029
v1_ppo_kl_adaptive_sampling,Reacher-v4,2,99.7218099878076
v1_ppo_kl_adaptive_sampling,Reacher-v4,1,96.95845511698235
v1_ppo_kl_adaptive_sampling,Reacher-v4,4,100.0
v1_ppo_kl_adaptive_sampling,Reacher-v4,5,99.85163201060278
v1_ppo_kl_adaptive_sampling,Reacher-v4,3,85.27447394006828
v1_ppo_kl_adaptive_sampling,HumanoidStandup-v4,5,91.78966594495985
v1_ppo_kl_adaptive_sampling,HumanoidStandup-v4,4,100.0
v1_ppo_kl_adaptive_sampling,HumanoidStandup-v4,3,74.72324652725774
v1_ppo_kl_adaptive_sampling,HumanoidStandup-v4,2,96.12545859854609
v1_ppo_kl_adaptive_sampling,HumanoidStandup-v4,1,93.26568055597262
v1_ppo_kl_adaptive_sampling,Walker2d-v3,2,100.0
v1_ppo_kl_adaptive_sampling,Walker2d-v3,3,51.65833886887382
v1_ppo_kl_adaptive_sampling,Walker2d-v3,1,77.73739274416332
v1_ppo_kl_adaptive_sampling,Walker2d-v3,5,68.74148067832118
v1_ppo_kl_adaptive_sampling,Walker2d-v3,4,78.6915027677646
v1_ppo_kl_adaptive_sampling,Humanoid-v3,2,86.63168625179638
v1_ppo_kl_adaptive_sampling,Humanoid-v3,1,92.5787113659116
v1_ppo_kl_adaptive_sampling,Humanoid-v3,4,83.08345984853342
v1_ppo_kl_adaptive_sampling,Humanoid-v3,3,83.60819682257592
v1_ppo_kl_adaptive_sampling,Humanoid-v3,5,100.0
v1_ppo_kl_adaptive_sampling,Ant-v3,5,49.624444301554966
v1_ppo_kl_adaptive_sampling,Ant-v3,4,76.87366475330701
v1_ppo_kl_adaptive_sampling,Ant-v3,1,55.40697795573409
v1_ppo_kl_adaptive_sampling,Ant-v3,3,59.64429690336674
v1_ppo_kl_adaptive_sampling,Ant-v3,2,83.61088648770246
v1_ppo_kl_adaptive_sampling,HalfCheetah-v3,2,61.185160563157694
v1_ppo_kl_adaptive_sampling,HalfCheetah-v3,5,62.031698976317365
v1_ppo_kl_adaptive_sampling,HalfCheetah-v3,3,100.0
v1_ppo_kl_adaptive_sampling,HalfCheetah-v3,4,52.0353009301806
v1_ppo_kl_adaptive_sampling,HalfCheetah-v3,1,65.72406606837434
v1_ppo_kl_adaptive_sampling,Hopper-v3,1,64.3702085813693
v1_ppo_kl_adaptive_sampling,Hopper-v3,4,10.751565337835292
v1_ppo_kl_adaptive_sampling,Hopper-v3,5,46.69449707630856
v1_ppo_kl_adaptive_sampling,Hopper-v3,2,5.149617140939529
v1_ppo_kl_adaptive_sampling,Hopper-v3,3,67.53652797285254
v1_ppo_kl_adaptive_sampling,DMCS-Fish-v0,3,64.56692947721737
v1_ppo_kl_adaptive_sampling,DMCS-Fish-v0,4,36.351705625570006
v1_ppo_kl_adaptive_sampling,DMCS-Fish-v0,5,41.732282819437614
v1_ppo_kl_adaptive_sampling,DMCS-Fish-v0,1,72.83464502481962
v1_ppo_kl_adaptive_sampling,DMCS-Fish-v0,2,42.25721799607358
v1_ppo_kl_adaptive_sampling,DMCS-Finger-v0,5,34.45861178067445
v1_ppo_kl_adaptive_sampling,DMCS-Finger-v0,2,28.337695811172264
v1_ppo_kl_adaptive_sampling,DMCS-Finger-v0,1,48.350004340187915
v1_ppo_kl_adaptive_sampling,DMCS-Finger-v0,4,25.323620753199716
v1_ppo_kl_adaptive_sampling,DMCS-Finger-v0,3,28.66322263384723
v1_ppo_kl_adaptive_sampling,DMCS-Ball-in-cup-v0,1,23.334750050447557
v1_ppo_kl_adaptive_sampling,DMCS-Ball-in-cup-v0,4,29.795725407148115
v1_ppo_kl_adaptive_sampling,DMCS-Ball-in-cup-v0,5,28.639883390045185
v1_ppo_kl_adaptive_sampling,DMCS-Ball-in-cup-v0,3,64.96638462367744
v1_ppo_kl_adaptive_sampling,DMCS-Ball-in-cup-v0,2,70.33619713984655
v1_ppo_kl_adaptive_sampling,DMCS-Cart-k-Pole-v0,5,19.777408851429183
v1_ppo_kl_adaptive_sampling,DMCS-Cart-k-Pole-v0,4,63.95434943455244
v1_ppo_kl_adaptive_sampling,DMCS-Cart-k-Pole-v0,3,54.678617086094874
v1_ppo_kl_adaptive_sampling,DMCS-Cart-k-Pole-v0,2,29.975625785109646
v1_ppo_kl_adaptive_sampling,DMCS-Cart-k-Pole-v0,1,26.364766011601304
v1_ppo_kl_adaptive_sampling,DMCS-Acrobot-v0,2,91.46602924482293
v1_ppo_kl_adaptive_sampling,DMCS-Acrobot-v0,1,93.14001993717169
v1_ppo_kl_adaptive_sampling,DMCS-Acrobot-v0,4,93.20363910734078
v1_ppo_kl_adaptive_sampling,DMCS-Acrobot-v0,5,91.24435431786931
v1_ppo_kl_adaptive_sampling,DMCS-Acrobot-v0,3,88.42819443230567
v1_ppo_kl_adaptive_sampling,FetchSlide-v2,3,56.50424575589559
v1_ppo_kl_adaptive_sampling,FetchSlide-v2,1,82.01271921892422
v1_ppo_kl_adaptive_sampling,FetchSlide-v2,5,58.05085172491024
v1_ppo_kl_adaptive_sampling,FetchSlide-v2,4,84.06780322732314
v1_ppo_kl_adaptive_sampling,FetchSlide-v2,2,63.898305654237205
v1_ppo_kl_adaptive_sampling,FetchPush-v2,3,50.09107640720155
v1_ppo_kl_adaptive_sampling,FetchPush-v2,2,41.5664822898671
v1_ppo_kl_adaptive_sampling,FetchPush-v2,4,82.29507812135051
v1_ppo_kl_adaptive_sampling,FetchPush-v2,5,64.26229144134159
v1_ppo_kl_adaptive_sampling,FetchPush-v2,1,43.642984313494416
v1_ppo_kl_adaptive_sampling,FetchReach-v1,2,51.06656725459224
v1_ppo_kl_adaptive_sampling,FetchReach-v1,3,40.81518193574447
v1_ppo_kl_adaptive_sampling,FetchReach-v1,1,36.72806437864757
v1_ppo_kl_adaptive_sampling,FetchReach-v1,5,25.054588862348794
v1_ppo_kl_adaptive_sampling,FetchReach-v1,4,28.99053849629134
v1_ppo_kl_adaptive_sampling,Maze-Hard-v0,2,15.136877422176479
v1_ppo_kl_adaptive_sampling,Maze-Hard-v0,5,14.306948885380114
v1_ppo_kl_adaptive_sampling,Maze-Hard-v0,4,19.12548078669942
v1_ppo_kl_adaptive_sampling,Maze-Hard-v0,3,21.14455621216377
v1_ppo_kl_adaptive_sampling,Maze-Hard-v0,1,20.30224220300472
v1_ppo_kl_adaptive_sampling,Maze-Ur-v0,2,23.329298373671428
v1_ppo_kl_adaptive_sampling,Maze-Ur-v0,1,89.09201012908939
v1_ppo_kl_adaptive_sampling,Maze-Ur-v0,3,96.48911134590774
v1_ppo_kl_adaptive_sampling,Maze-Ur-v0,5,100.0
v1_ppo_kl_adaptive_sampling,Maze-Ur-v0,4,76.8886136596741
v1_ppo_kl_adaptive_sampling,Maze-Easy-v0,2,25.948283419004436
v1_ppo_kl_adaptive_sampling,Maze-Easy-v0,3,41.312000264361686
v1_ppo_kl_adaptive_sampling,Maze-Easy-v0,4,34.6513715215287
v1_ppo_kl_adaptive_sampling,Maze-Easy-v0,5,42.15715696610255
v1_ppo_kl_adaptive_sampling,Maze-Easy-v0,1,33.76596891862671
