exp_name,env_name,seed,shannon_entropy
smm_ppo,DMCS-Cart-k-Pole-v0,4,2.3007136201499474
smm_ppo,DMCS-Cart-k-Pole-v0,3,2.300927652327582
smm_ppo,DMCS-Cart-k-Pole-v0,1,2.300238033324281
smm_ppo,DMCS-Cart-k-Pole-v0,5,2.301414387430556
smm_ppo,DMCS-Cart-k-Pole-v0,2,2.3016748387449577
smm_ppo,Hopper-v3,1,2.278194839522003
smm_ppo,Hopper-v3,4,2.268896805914195
smm_ppo,Hopper-v3,2,2.268687761473686
smm_ppo,Hopper-v3,3,2.24454282041132
smm_ppo,Hopper-v3,5,2.2679767984662837
smm_ppo,HalfCheetah-v3,1,2.263322745656441
smm_ppo,HalfCheetah-v3,2,2.2729252955391948
smm_ppo,HalfCheetah-v3,3,2.272161173643264
smm_ppo,HalfCheetah-v3,4,2.2694280097076094
smm_ppo,HalfCheetah-v3,5,2.173179875041301
smm_ppo,DMCS-Acrobot-v0,1,2.3022803207356985
smm_ppo,DMCS-Acrobot-v0,5,2.3022682965968446
smm_ppo,DMCS-Acrobot-v0,3,2.302295953544398
smm_ppo,DMCS-Acrobot-v0,4,2.3022596846862253
smm_ppo,DMCS-Acrobot-v0,2,2.3022823982393317
smm_ppo,Swimmer-v3,3,2.2632561718097755
smm_ppo,Swimmer-v3,1,2.2705678642305767
smm_ppo,Swimmer-v3,5,2.2662180465699744
smm_ppo,Swimmer-v3,4,2.2605139143292625
smm_ppo,Swimmer-v3,2,2.266977177157532
smm_ppo,Ant-v3,4,2.3010544752561195
smm_ppo,Ant-v3,1,2.3006756481178283
smm_ppo,Ant-v3,2,2.3008796414663135
smm_ppo,Ant-v3,5,2.300154358093717
smm_ppo,Ant-v3,3,2.300344431170164
smm_ppo,Reacher-v4,5,2.29820311472479
smm_ppo,Walker2d-v3,2,2.1133622327331048
smm_ppo,Walker2d-v3,1,2.1363519438776772
smm_ppo,Walker2d-v3,3,2.0551971655987353
smm_ppo,Walker2d-v3,4,2.1654696945922542
smm_ppo,Walker2d-v3,5,2.1147227266967596
smm_ppo,DMCS-Ball-in-cup-v0,3,2.3023662752084593
smm_ppo,DMCS-Ball-in-cup-v0,1,2.3023336473466407
smm_ppo,DMCS-Ball-in-cup-v0,5,2.3023563206550244
smm_ppo,DMCS-Ball-in-cup-v0,4,2.3023247166853222
smm_ppo,DMCS-Ball-in-cup-v0,2,2.302314769388404
smm_ppo,Maze-Easy-v0,2,2.294519532398086
smm_ppo,Maze-Easy-v0,1,2.2881146252172853
smm_ppo,Maze-Easy-v0,4,2.297035134611063
smm_ppo,Maze-Easy-v0,5,2.29394461613992
smm_ppo,Maze-Easy-v0,3,2.295972910483769
smm_ppo,FetchReach-v1,4,2.2948442862182308
smm_ppo,FetchReach-v1,2,2.2966840045136756
smm_ppo,FetchReach-v1,5,2.294661179703397
smm_ppo,FetchReach-v1,1,2.2949168434358045
smm_ppo,FetchReach-v1,3,2.298076597300195
smm_ppo,FetchPush-v2,5,2.245719421647827
smm_ppo,FetchPush-v2,4,2.2490465873346195
smm_ppo,FetchPush-v2,1,2.245787907455114
smm_ppo,FetchPush-v2,2,2.2453832211082068
smm_ppo,FetchPush-v2,3,2.24888861285642
smm_ppo,DMCS-Finger-v0,5,2.302078545036014
smm_ppo,DMCS-Finger-v0,1,2.3023399576621677
smm_ppo,DMCS-Finger-v0,2,2.3023051969954524
smm_ppo,DMCS-Finger-v0,3,2.302255173480771
smm_ppo,DMCS-Finger-v0,4,2.3023845471667035
smm_ppo,Maze-Hard-v0,2,2.2776993256393925
smm_ppo,Maze-Hard-v0,3,2.288336741646547
smm_ppo,Maze-Hard-v0,5,2.2267616040809317
smm_ppo,Maze-Hard-v0,4,2.2805994109850123
smm_ppo,Maze-Hard-v0,1,2.282730499914033
smm_ppo,FetchSlide-v2,1,2.144266159115375
smm_ppo,FetchSlide-v2,2,2.141414923672368
smm_ppo,FetchSlide-v2,5,2.125785247630607
smm_ppo,FetchSlide-v2,4,2.127769785568009
smm_ppo,FetchSlide-v2,3,2.137970999785189
smm_ppo,DMCS-Fish-v0,5,2.1798463233927063
smm_ppo,DMCS-Fish-v0,3,2.1740364182365424
smm_ppo,DMCS-Fish-v0,1,2.1636045799675587
smm_ppo,DMCS-Fish-v0,4,2.144900570887325
smm_ppo,DMCS-Fish-v0,2,2.195556472223483
smm_ppo,Maze-Ur-v0,1,2.280284453781218
smm_ppo,Maze-Ur-v0,4,2.269022227492221
smm_ppo,Maze-Ur-v0,2,2.28961073641441
smm_ppo,Maze-Ur-v0,3,2.293628825409023
smm_ppo,Maze-Ur-v0,5,2.230498300695798
ngu_ppo,DMCS-Ball-in-cup-v0,1,2.302406712332697
ngu_ppo,DMCS-Ball-in-cup-v0,3,2.302320193825673
ngu_ppo,DMCS-Ball-in-cup-v0,5,2.3023670297898984
ngu_ppo,DMCS-Ball-in-cup-v0,2,2.3023935057709735
ngu_ppo,DMCS-Ball-in-cup-v0,4,2.297607703440062
ngu_ppo,DMCS-Finger-v0,3,2.3024198236332714
ngu_ppo,DMCS-Finger-v0,5,2.3023808785904154
ngu_ppo,DMCS-Finger-v0,4,2.3024005743011218
ngu_ppo,DMCS-Finger-v0,2,2.3024064200311427
ngu_ppo,DMCS-Finger-v0,1,2.302374008612637
ngu_ppo,DMCS-Acrobot-v0,2,2.302292862477777
ngu_ppo,DMCS-Acrobot-v0,5,2.3022952002179036
ngu_ppo,DMCS-Acrobot-v0,1,2.3023007280284835
ngu_ppo,DMCS-Acrobot-v0,4,2.302301593510081
ngu_ppo,DMCS-Acrobot-v0,3,2.3022956748116257
ngu_ppo,DMCS-Fish-v0,1,2.204378810114383
ngu_ppo,DMCS-Fish-v0,3,2.2271272809603566
ngu_ppo,DMCS-Fish-v0,5,2.22043911877861
ngu_ppo,DMCS-Fish-v0,4,2.2307180870303096
ngu_ppo,DMCS-Fish-v0,2,2.2263931408790283
ngu_ppo,DMCS-Cart-k-Pole-v0,1,2.3015266846478757
ngu_ppo,DMCS-Cart-k-Pole-v0,4,2.3010294858279248
ngu_ppo,DMCS-Cart-k-Pole-v0,2,2.3011219325757697
ngu_ppo,DMCS-Cart-k-Pole-v0,5,2.300962472171487
ngu_ppo,DMCS-Cart-k-Pole-v0,3,2.3016769084168094
ngu_ppo,Maze-Ur-v0,3,2.2959176943897153
ngu_ppo,Maze-Ur-v0,2,2.2935202744791443
ngu_ppo,Maze-Ur-v0,1,2.2885509788482814
ngu_ppo,Maze-Ur-v0,4,2.2962188554777456
ngu_ppo,Maze-Easy-v0,2,2.2982599622063473
ngu_ppo,Maze-Easy-v0,3,2.2959966333916686
ngu_ppo,Maze-Easy-v0,1,2.0611955408168896
ngu_ppo,FetchSlide-v2,3,2.15608019615047
ngu_ppo,FetchSlide-v2,5,2.141330048769559
ngu_ppo,FetchSlide-v2,1,2.140851438498829
ngu_ppo,FetchSlide-v2,2,2.1373590574727026
ngu_ppo,FetchSlide-v2,4,2.148929579205479
ngu_ppo,FetchReach-v1,2,2.2936821864829384
ngu_ppo,FetchReach-v1,5,2.294891610116413
ngu_ppo,FetchReach-v1,1,2.2946842707444643
ngu_ppo,FetchPush-v2,4,2.253719083079108
ngu_ppo,FetchPush-v2,5,2.2549174715320706
ngu_ppo,FetchPush-v2,1,2.2460630815395346
ngu_ppo,Maze-Hard-v0,2,2.289083295300653
ngu_ppo,Maze-Hard-v0,1,2.2887612355351794
ngu_ppo,Maze-Hard-v0,3,2.2930640598892844
ngu_ppo,Maze-Hard-v0,4,1.9547691678310657
ngu_ppo,Ant-v3,1,2.30019717396187
ngu_ppo,Ant-v3,2,2.2976707372340655
ngu_ppo,Walker2d-v3,4,1.9643294281795365
ngu_ppo,HalfCheetah-v3,1,2.24058794383591
ngu_ppo,HalfCheetah-v3,2,2.251665137319452
ngu_ppo,HalfCheetah-v3,4,2.264319938661716
metra_ppo,Reacher-v4,5,2.2988659345005096
metra_ppo,Reacher-v4,2,2.2988220058272395
metra_ppo,Reacher-v4,3,2.2988596654448084
metra_ppo,Reacher-v4,4,2.2973654271179966
metra_ppo,Reacher-v4,1,2.296805431822212
metra_ppo,Swimmer-v3,4,2.2615145509773846
metra_ppo,Swimmer-v3,2,2.2214047566034445
metra_ppo,Swimmer-v3,1,2.2354207520053997
metra_ppo,Swimmer-v3,5,2.211801882892233
metra_ppo,Swimmer-v3,3,2.2198519966896155
metra_ppo,Walker2d-v3,5,1.6474611118313698
metra_ppo,Walker2d-v3,3,1.7071947791760036
metra_ppo,Walker2d-v3,4,1.588866503417446
metra_ppo,Walker2d-v3,1,1.6465980754336005
metra_ppo,Walker2d-v3,2,1.6782640779960885
metra_ppo,Ant-v3,5,2.2941976757789253
metra_ppo,Ant-v3,1,2.282969116876184
metra_ppo,Ant-v3,2,2.293120839265362
metra_ppo,Ant-v3,3,2.2925742827356212
metra_ppo,Ant-v3,4,2.2941750467689515
metra_ppo,Hopper-v3,3,1.2551512418752169
metra_ppo,Hopper-v3,2,1.1284098759226722
metra_ppo,Hopper-v3,1,1.3084501850686343
metra_ppo,Hopper-v3,4,1.469264059030558
metra_ppo,Hopper-v3,5,0.9567136922502446
metra_ppo,DMCS-Fish-v0,2,2.2150297885020724
metra_ppo,DMCS-Fish-v0,4,2.195415781087417
metra_ppo,DMCS-Fish-v0,1,2.1996078554899463
metra_ppo,DMCS-Fish-v0,3,2.2098381908828757
metra_ppo,DMCS-Fish-v0,5,2.1717182240694326
metra_ppo,HalfCheetah-v3,3,2.2563751595113244
metra_ppo,HalfCheetah-v3,2,2.2501258116451144
metra_ppo,HalfCheetah-v3,1,2.2653224792881756
metra_ppo,HalfCheetah-v3,4,2.268751455444383
metra_ppo,HalfCheetah-v3,5,2.2733764236620946
metra_ppo,DMCS-Finger-v0,2,2.300435779667493
metra_ppo,DMCS-Finger-v0,1,2.2998703103743363
metra_ppo,DMCS-Finger-v0,4,2.2992195181767396
metra_ppo,DMCS-Finger-v0,5,2.300157059722768
metra_ppo,DMCS-Finger-v0,3,2.302160609194157
metra_ppo,DMCS-Cart-k-Pole-v0,5,2.2985428610011716
metra_ppo,DMCS-Cart-k-Pole-v0,4,2.299827640444125
metra_ppo,DMCS-Cart-k-Pole-v0,3,2.299060361382109
metra_ppo,DMCS-Cart-k-Pole-v0,2,2.3004566507640236
metra_ppo,DMCS-Cart-k-Pole-v0,1,2.3000715111244388
metra_ppo,FetchPush-v2,4,2.246370362797704
metra_ppo,FetchPush-v2,5,2.243828021178143
metra_ppo,FetchPush-v2,3,2.244637101321196
metra_ppo,FetchPush-v2,2,2.247514629899795
metra_ppo,FetchPush-v2,1,2.2494265920263823
metra_ppo,DMCS-Ball-in-cup-v0,5,2.301910675857853
metra_ppo,DMCS-Ball-in-cup-v0,3,2.3006030950950738
metra_ppo,DMCS-Ball-in-cup-v0,1,2.301940129834989
metra_ppo,DMCS-Ball-in-cup-v0,4,2.3019846847924907
metra_ppo,DMCS-Ball-in-cup-v0,2,2.301838295706372
metra_ppo,DMCS-Acrobot-v0,1,2.302285156886519
metra_ppo,DMCS-Acrobot-v0,2,2.3022468676712404
metra_ppo,DMCS-Acrobot-v0,3,2.3022589687077706
metra_ppo,DMCS-Acrobot-v0,4,2.3022963544971717
metra_ppo,DMCS-Acrobot-v0,5,2.302251217358815
metra_ppo,FetchSlide-v2,1,2.1354848084370883
metra_ppo,FetchSlide-v2,3,2.108507893957136
metra_ppo,FetchSlide-v2,2,2.1108552599512853
metra_ppo,FetchSlide-v2,4,2.133923256812918
metra_ppo,FetchSlide-v2,5,2.1172145921361936
metra_ppo,FetchReach-v1,1,2.2607517792655996
metra_ppo,FetchReach-v1,5,2.286752985844115
metra_ppo,FetchReach-v1,3,2.291968199911485
metra_ppo,FetchReach-v1,2,2.2675424077001938
metra_ppo,FetchReach-v1,4,2.271428251410379
metra_ppo,Maze-Easy-v0,4,2.293625052916988
metra_ppo,Maze-Easy-v0,5,2.2665604634876706
metra_ppo,Maze-Easy-v0,2,2.279858693300594
metra_ppo,Maze-Easy-v0,1,2.2956885136828453
metra_ppo,Maze-Easy-v0,3,2.286057649751548
metra_ppo,Maze-Hard-v0,1,2.261311211920504
metra_ppo,Maze-Hard-v0,3,2.2532670614710852
metra_ppo,Maze-Hard-v0,2,2.1899262161072657
metra_ppo,Maze-Hard-v0,4,2.211871189542296
metra_ppo,Maze-Hard-v0,5,2.1762616040820504
metra_ppo,Maze-Ur-v0,1,2.208691755439875
metra_ppo,Maze-Ur-v0,2,2.2117055424885863
metra_ppo,Maze-Ur-v0,5,2.173544299008836
metra_ppo,Maze-Ur-v0,4,2.280869928773564
metra_ppo,Maze-Ur-v0,3,2.276346931250494
lsd_ppo,Reacher-v4,4,2.299200900963276
lsd_ppo,Reacher-v4,5,2.297763962711376
lsd_ppo,Reacher-v4,1,2.298834133071486
lsd_ppo,Reacher-v4,2,2.2983134118872948
lsd_ppo,Reacher-v4,3,2.2983072549779653
lsd_ppo,Swimmer-v3,4,2.252132284715566
lsd_ppo,Swimmer-v3,1,2.2759122472115263
lsd_ppo,Swimmer-v3,5,2.2682536984026007
lsd_ppo,Swimmer-v3,3,2.236832494279092
lsd_ppo,Swimmer-v3,2,2.2752901224852526
lsd_ppo,Ant-v3,2,2.2973236088157116
lsd_ppo,Ant-v3,1,2.296479483119454
lsd_ppo,Ant-v3,4,2.2971629375652327
lsd_ppo,Ant-v3,5,2.296773440041864
lsd_ppo,Ant-v3,3,2.2950170254679265
lsd_ppo,Walker2d-v3,4,1.7775528243670649
lsd_ppo,Walker2d-v3,1,1.6106646427235405
lsd_ppo,Walker2d-v3,2,1.8961441335648777
lsd_ppo,Walker2d-v3,3,1.461070881550803
lsd_ppo,Walker2d-v3,5,1.688239597986231
lsd_ppo,HalfCheetah-v3,5,2.2574365273820085
lsd_ppo,HalfCheetah-v3,3,2.2497583374699617
lsd_ppo,HalfCheetah-v3,2,2.247324165990247
lsd_ppo,HalfCheetah-v3,4,2.2514998559949855
lsd_ppo,HalfCheetah-v3,1,2.248554594429601
lsd_ppo,Hopper-v3,1,1.4315361178534824
lsd_ppo,Hopper-v3,5,1.4409455565106968
lsd_ppo,Hopper-v3,3,1.4435435372912426
lsd_ppo,Hopper-v3,4,1.4550176125123395
lsd_ppo,Hopper-v3,2,1.339898482969867
lsd_ppo,DMCS-Fish-v0,3,2.1906843250954107
lsd_ppo,DMCS-Fish-v0,2,2.1967098307989805
lsd_ppo,DMCS-Fish-v0,1,2.1956715828013222
lsd_ppo,DMCS-Fish-v0,5,2.1787557036328766
lsd_ppo,DMCS-Fish-v0,4,2.2049686417233905
lsd_ppo,DMCS-Finger-v0,1,2.3019019522299344
lsd_ppo,DMCS-Finger-v0,3,2.3020299237707484
lsd_ppo,DMCS-Finger-v0,5,2.302382877703351
lsd_ppo,DMCS-Finger-v0,4,2.300712623950069
lsd_ppo,DMCS-Finger-v0,2,2.301557846587577
lsd_ppo,DMCS-Cart-k-Pole-v0,4,2.3012106998144146
lsd_ppo,DMCS-Cart-k-Pole-v0,3,2.300980118872334
lsd_ppo,DMCS-Cart-k-Pole-v0,2,2.3009190835371753
lsd_ppo,DMCS-Cart-k-Pole-v0,1,2.30019201109216
lsd_ppo,DMCS-Cart-k-Pole-v0,5,2.3006924506499753
lsd_ppo,DMCS-Ball-in-cup-v0,4,2.302095789367351
lsd_ppo,DMCS-Ball-in-cup-v0,5,2.302011694377003
lsd_ppo,DMCS-Ball-in-cup-v0,1,2.302176099901577
lsd_ppo,DMCS-Ball-in-cup-v0,3,2.3021041403191584
lsd_ppo,DMCS-Ball-in-cup-v0,2,2.301940796893682
lsd_ppo,DMCS-Acrobot-v0,2,2.302263984821245
lsd_ppo,DMCS-Acrobot-v0,4,2.302293590819926
lsd_ppo,DMCS-Acrobot-v0,3,2.3022816570691393
lsd_ppo,DMCS-Acrobot-v0,5,2.3023146916538697
lsd_ppo,DMCS-Acrobot-v0,1,2.3022841180132736
lsd_ppo,FetchSlide-v2,3,2.117314899388005
lsd_ppo,FetchSlide-v2,5,2.139871015996385
lsd_ppo,FetchSlide-v2,1,2.1210956388140185
lsd_ppo,FetchSlide-v2,2,2.122564500476016
lsd_ppo,FetchSlide-v2,4,2.1067340691859484
lsd_ppo,FetchPush-v2,5,2.2457119539317705
lsd_ppo,FetchPush-v2,4,2.246367412025844
lsd_ppo,FetchPush-v2,3,2.246966423717184
lsd_ppo,FetchPush-v2,1,2.2465372141537525
lsd_ppo,FetchPush-v2,2,2.2452506944549726
lsd_ppo,FetchReach-v1,5,2.299249654819667
lsd_ppo,FetchReach-v1,3,2.29792800636836
lsd_ppo,FetchReach-v1,4,2.2995091342931393
lsd_ppo,FetchReach-v1,1,2.299459968781627
lsd_ppo,FetchReach-v1,2,2.294173250687625
lsd_ppo,Maze-Hard-v0,3,2.2737779450760445
lsd_ppo,Maze-Hard-v0,1,2.2203812929728137
lsd_ppo,Maze-Hard-v0,4,2.2495752416197363
lsd_ppo,Maze-Hard-v0,5,2.23821391590681
lsd_ppo,Maze-Hard-v0,2,2.276300137786918
lsd_ppo,Maze-Ur-v0,3,2.2748406811051836
lsd_ppo,Maze-Ur-v0,2,2.2857606891048925
lsd_ppo,Maze-Ur-v0,5,2.1454631963625825
lsd_ppo,Maze-Ur-v0,1,2.1826673602467483
lsd_ppo,Maze-Ur-v0,4,2.273294465860798
lsd_ppo,Maze-Easy-v0,4,2.277612220273647
lsd_ppo,Maze-Easy-v0,3,2.2752491656463745
lsd_ppo,Maze-Easy-v0,2,2.2968273401123045
lsd_ppo,Maze-Easy-v0,5,2.230584975949616
lsd_ppo,Maze-Easy-v0,1,2.26914272738421
icm_ppo,DMCS-Fish-v0,3,2.215671346113223
icm_ppo,DMCS-Fish-v0,5,2.218855405862873
icm_ppo,DMCS-Fish-v0,2,2.2039066591825045
icm_ppo,DMCS-Fish-v0,1,2.2210275461663196
icm_ppo,DMCS-Fish-v0,4,2.210827709175263
icm_ppo,DMCS-Finger-v0,1,2.3015005583326213
icm_ppo,DMCS-Finger-v0,5,2.302055781747532
icm_ppo,DMCS-Finger-v0,3,2.302355913501391
icm_ppo,DMCS-Finger-v0,4,2.302386317734603
icm_ppo,DMCS-Finger-v0,2,2.3022657537675575
icm_ppo,DMCS-Cart-k-Pole-v0,2,2.300954537787101
icm_ppo,DMCS-Cart-k-Pole-v0,1,2.3009021258725557
icm_ppo,DMCS-Cart-k-Pole-v0,4,2.300659124459296
icm_ppo,DMCS-Cart-k-Pole-v0,5,2.300892804163179
icm_ppo,DMCS-Cart-k-Pole-v0,3,2.300889616547095
icm_ppo,DMCS-Ball-in-cup-v0,3,2.301306850254809
icm_ppo,DMCS-Ball-in-cup-v0,1,2.3020424398884
icm_ppo,DMCS-Ball-in-cup-v0,2,2.3022022678226612
icm_ppo,DMCS-Ball-in-cup-v0,4,2.30158504544134
icm_ppo,DMCS-Ball-in-cup-v0,5,2.2935531024182163
icm_ppo,DMCS-Acrobot-v0,4,2.3022578818378157
icm_ppo,DMCS-Acrobot-v0,5,2.302266098415862
icm_ppo,DMCS-Acrobot-v0,3,2.302224190055815
icm_ppo,DMCS-Acrobot-v0,2,2.3022536943748317
icm_ppo,DMCS-Acrobot-v0,1,2.3022588123112993
icm_ppo,Maze-Hard-v0,1,2.2884589408873977
icm_ppo,Maze-Hard-v0,4,2.289624081885747
icm_ppo,Maze-Hard-v0,5,2.2769339872514345
icm_ppo,Maze-Hard-v0,2,2.2894510170457223
icm_ppo,Maze-Hard-v0,3,2.2892191730194953
icm_ppo,Maze-Ur-v0,2,2.2906469173539645
icm_ppo,Maze-Ur-v0,1,2.289938572761846
icm_ppo,Maze-Ur-v0,5,2.290001364027706
icm_ppo,Maze-Ur-v0,4,2.2888652310370334
icm_ppo,Maze-Ur-v0,3,2.290713684512838
icm_ppo,Maze-Easy-v0,1,2.2858917860918986
icm_ppo,Maze-Easy-v0,4,2.2859550975247207
icm_ppo,Maze-Easy-v0,3,2.286740573137466
icm_ppo,Maze-Easy-v0,5,2.285778483933715
icm_ppo,Maze-Easy-v0,2,2.2869300785808817
diayn_ppo,Swimmer-v3,3,2.069379598440943
diayn_ppo,Swimmer-v3,1,2.176937962235441
diayn_ppo,Swimmer-v3,2,2.1175856039801544
diayn_ppo,Swimmer-v3,4,2.0751280775593197
diayn_ppo,Swimmer-v3,5,2.183464221235997
diayn_ppo,HalfCheetah-v3,3,2.2634831150911863
diayn_ppo,HalfCheetah-v3,1,2.2630709092179617
diayn_ppo,HalfCheetah-v3,5,2.26436504712681
diayn_ppo,DMCS-Fish-v0,1,2.2247538534513502
diayn_ppo,DMCS-Fish-v0,5,2.219782629966053
diayn_ppo,DMCS-Fish-v0,3,2.227764958771598
diayn_ppo,DMCS-Fish-v0,2,2.230033454228366
diayn_ppo,DMCS-Fish-v0,4,2.2243778684207474
diayn_ppo,Ant-v3,3,2.2865829102467883
diayn_ppo,DMCS-Finger-v0,1,2.3019197853177804
diayn_ppo,DMCS-Finger-v0,5,2.302220989703049
diayn_ppo,DMCS-Finger-v0,2,2.3020324568321366
diayn_ppo,DMCS-Finger-v0,4,2.3009922970892545
diayn_ppo,DMCS-Finger-v0,3,2.301833955180632
diayn_ppo,DMCS-Cart-k-Pole-v0,2,2.3017896253643353
diayn_ppo,DMCS-Cart-k-Pole-v0,5,2.30210185339877
diayn_ppo,DMCS-Cart-k-Pole-v0,3,2.3014608839281965
diayn_ppo,DMCS-Cart-k-Pole-v0,4,2.300812681727033
diayn_ppo,DMCS-Cart-k-Pole-v0,1,2.3016935955124795
diayn_ppo,DMCS-Ball-in-cup-v0,3,2.3020387458098077
diayn_ppo,DMCS-Ball-in-cup-v0,1,2.3020746653340134
diayn_ppo,DMCS-Ball-in-cup-v0,4,2.3020541820083227
diayn_ppo,DMCS-Ball-in-cup-v0,2,2.3020332398793313
diayn_ppo,DMCS-Ball-in-cup-v0,5,2.301974818676352
diayn_ppo,DMCS-Acrobot-v0,4,2.3022590510611773
diayn_ppo,DMCS-Acrobot-v0,1,2.3022649886345214
diayn_ppo,DMCS-Acrobot-v0,5,2.302228403106302
diayn_ppo,DMCS-Acrobot-v0,3,2.3022533729865504
diayn_ppo,DMCS-Acrobot-v0,2,2.3022293438913635
diayn_ppo,FetchSlide-v2,4,2.125486476139085
diayn_ppo,FetchSlide-v2,1,2.13536801355808
diayn_ppo,FetchSlide-v2,3,2.136109297107132
diayn_ppo,FetchSlide-v2,2,2.11790807451518
diayn_ppo,FetchSlide-v2,5,2.1323848203177445
diayn_ppo,FetchPush-v2,4,2.247360483223515
diayn_ppo,FetchPush-v2,1,2.2469569103311486
diayn_ppo,FetchPush-v2,5,2.2477453798834244
diayn_ppo,FetchPush-v2,3,2.2425875333426943
diayn_ppo,FetchPush-v2,2,2.2434280113174334
diayn_ppo,FetchReach-v1,3,2.2977218223802196
diayn_ppo,FetchReach-v1,1,2.2984239075318427
diayn_ppo,FetchReach-v1,4,2.29049317139419
diayn_ppo,FetchReach-v1,2,2.295574214673619
diayn_ppo,FetchReach-v1,5,2.2934930037457835
diayn_ppo,Maze-Hard-v0,3,2.2832517364171396
diayn_ppo,Maze-Hard-v0,2,2.2877665289242466
diayn_ppo,Maze-Hard-v0,1,2.285411156898852
diayn_ppo,Maze-Hard-v0,5,2.252351562460077
diayn_ppo,Maze-Hard-v0,4,2.2770412626572707
diayn_ppo,Maze-Ur-v0,4,2.256744362695369
diayn_ppo,Maze-Ur-v0,1,2.2801929838921176
diayn_ppo,Maze-Ur-v0,2,2.2676398207055803
diayn_ppo,Maze-Ur-v0,5,2.294471299375292
diayn_ppo,Maze-Ur-v0,3,2.294758674067334
diayn_ppo,Maze-Easy-v0,4,2.2976839884775977
diayn_ppo,Maze-Easy-v0,1,2.291082947970016
diayn_ppo,Maze-Easy-v0,3,2.297410380535179
diayn_ppo,Maze-Easy-v0,5,2.297997613613772
diayn_ppo,Maze-Easy-v0,2,2.297125321545534
csd_ppo,Swimmer-v3,2,2.2823125048946133
csd_ppo,Swimmer-v3,1,2.2635862615399347
csd_ppo,Swimmer-v3,4,2.273116939325769
csd_ppo,Swimmer-v3,5,2.255747794400258
csd_ppo,Swimmer-v3,3,2.25664853794529
csd_ppo,Hopper-v3,5,1.5378157429337054
csd_ppo,Hopper-v3,2,1.6459098484235628
csd_ppo,Hopper-v3,4,1.7408349153591671
csd_ppo,Hopper-v3,3,1.680559233847726
csd_ppo,Hopper-v3,1,1.4742371010869617
csd_ppo,Walker2d-v3,5,1.6726939603469626
csd_ppo,Walker2d-v3,1,1.7145875160126305
csd_ppo,Walker2d-v3,2,1.5626311830544082
csd_ppo,Walker2d-v3,3,1.6114861050778164
csd_ppo,Walker2d-v3,4,1.4134766306869158
csd_ppo,Ant-v3,4,2.2970172459617686
csd_ppo,Ant-v3,5,2.295013827868345
csd_ppo,Ant-v3,3,2.2963250402898923
csd_ppo,Ant-v3,2,2.2934307634796567
csd_ppo,Ant-v3,1,2.296638084200198
csd_ppo,HalfCheetah-v3,2,2.2613614253589267
csd_ppo,HalfCheetah-v3,1,2.238861283471219
csd_ppo,HalfCheetah-v3,4,2.249160655163275
csd_ppo,HalfCheetah-v3,3,2.272051843316064
csd_ppo,HalfCheetah-v3,5,2.2408463463213475
csd_ppo,DMCS-Finger-v0,1,2.301924059883075
csd_ppo,DMCS-Finger-v0,5,2.3007754362688444
csd_ppo,DMCS-Finger-v0,3,2.3021943083662784
csd_ppo,DMCS-Finger-v0,4,2.3015485612591657
csd_ppo,DMCS-Finger-v0,2,2.3021680843643297
csd_ppo,DMCS-Fish-v0,1,2.2086178379240313
csd_ppo,DMCS-Fish-v0,5,2.195570054932141
csd_ppo,DMCS-Fish-v0,3,2.180586329030107
csd_ppo,DMCS-Fish-v0,2,2.1727679284874055
csd_ppo,DMCS-Fish-v0,4,2.1893604811040905
csd_ppo,DMCS-Cart-k-Pole-v0,4,2.301889993465683
csd_ppo,DMCS-Cart-k-Pole-v0,1,2.301625261808987
csd_ppo,DMCS-Cart-k-Pole-v0,3,2.3006855827350012
csd_ppo,DMCS-Cart-k-Pole-v0,2,2.300676421420357
csd_ppo,DMCS-Cart-k-Pole-v0,5,2.301122848634522
csd_ppo,FetchSlide-v2,1,2.1155885337103877
csd_ppo,FetchSlide-v2,5,2.122943729211224
csd_ppo,FetchSlide-v2,4,2.112338025811912
csd_ppo,FetchSlide-v2,2,2.13134157024462
csd_ppo,FetchSlide-v2,3,2.1325521336735584
csd_ppo,FetchPush-v2,3,2.248856087950923
csd_ppo,FetchPush-v2,4,2.2468834253528605
csd_ppo,FetchPush-v2,5,2.244194444542185
csd_ppo,FetchPush-v2,2,2.247358290420286
csd_ppo,FetchPush-v2,1,2.2488052430470096
csd_ppo,DMCS-Ball-in-cup-v0,5,2.3020792362809837
csd_ppo,DMCS-Ball-in-cup-v0,1,2.301977924725445
csd_ppo,DMCS-Ball-in-cup-v0,4,2.301890029800004
csd_ppo,DMCS-Ball-in-cup-v0,3,2.301944345134538
csd_ppo,DMCS-Ball-in-cup-v0,2,2.301626518538962
csd_ppo,DMCS-Acrobot-v0,4,2.3022240498832134
csd_ppo,DMCS-Acrobot-v0,2,2.302263950499472
csd_ppo,DMCS-Acrobot-v0,1,2.3021943516266377
csd_ppo,DMCS-Acrobot-v0,3,2.302293304740751
csd_ppo,DMCS-Acrobot-v0,5,2.302201039533523
csd_ppo,Maze-Hard-v0,3,2.290081303713635
csd_ppo,Maze-Hard-v0,5,2.2967838434769625
csd_ppo,Maze-Hard-v0,1,2.2859673371675475
csd_ppo,Maze-Hard-v0,2,2.2889396354240423
csd_ppo,Maze-Hard-v0,4,2.2871278877808656
csd_ppo,Maze-Ur-v0,1,2.295734718667882
csd_ppo,Maze-Ur-v0,3,2.285274542086412
csd_ppo,Maze-Ur-v0,5,2.297535106667288
csd_ppo,Maze-Ur-v0,4,2.289260950452874
csd_ppo,Maze-Ur-v0,2,2.292199050119434
csd_ppo,FetchReach-v1,5,2.2984478106601127
csd_ppo,FetchReach-v1,1,2.2954771183067164
csd_ppo,FetchReach-v1,3,2.2974090883752067
csd_ppo,FetchReach-v1,2,2.296910659097781
csd_ppo,FetchReach-v1,4,2.2964191639633733
csd_ppo,Maze-Easy-v0,3,2.297611181320665
csd_ppo,Maze-Easy-v0,5,2.2966331818480423
csd_ppo,Maze-Easy-v0,1,2.2972710136081904
csd_ppo,Maze-Easy-v0,2,2.2889713015627895
csd_ppo,Maze-Easy-v0,4,2.294503545199441
v2_ppo_lipshitz_adaptive_sampling,Reacher-v4,4,2.2973740475850013
v2_ppo_lipshitz_adaptive_sampling,Reacher-v4,1,2.297107838701813
v2_ppo_lipshitz_adaptive_sampling,Reacher-v4,2,2.296541297853119
v2_ppo_lipshitz_adaptive_sampling,Reacher-v4,3,2.297983589638995
v2_ppo_lipshitz_adaptive_sampling,Reacher-v4,5,2.2964817764094043
v2_ppo_lipshitz_adaptive_sampling,Swimmer-v3,4,2.243330543116722
v2_ppo_lipshitz_adaptive_sampling,Swimmer-v3,5,2.224252806793706
v2_ppo_lipshitz_adaptive_sampling,Swimmer-v3,3,2.189191518455311
v2_ppo_lipshitz_adaptive_sampling,Swimmer-v3,2,2.0344871278674095
v2_ppo_lipshitz_adaptive_sampling,Swimmer-v3,1,2.2724736051607293
v2_ppo_lipshitz_adaptive_sampling,Humanoid-v3,2,2.211991346858543
v2_ppo_lipshitz_adaptive_sampling,HumanoidStandup-v4,5,1.3954273651182707
v2_ppo_lipshitz_adaptive_sampling,HumanoidStandup-v4,4,2.0716996948588084
v2_ppo_lipshitz_adaptive_sampling,HumanoidStandup-v4,2,2.0922239981925226
v2_ppo_lipshitz_adaptive_sampling,HumanoidStandup-v4,1,1.6069845095033166
v2_ppo_lipshitz_adaptive_sampling,HumanoidStandup-v4,3,1.9805017884438283
v2_ppo_lipshitz_adaptive_sampling,Walker2d-v3,1,1.7919203305685474
v2_ppo_lipshitz_adaptive_sampling,Walker2d-v3,4,1.6911083262886653
v2_ppo_lipshitz_adaptive_sampling,Walker2d-v3,3,2.245515387910254
v2_ppo_lipshitz_adaptive_sampling,Walker2d-v3,5,1.7322545769451472
v2_ppo_lipshitz_adaptive_sampling,Walker2d-v3,2,1.9085224644870256
v2_ppo_lipshitz_adaptive_sampling,Ant-v3,2,2.2053578312391657
v2_ppo_lipshitz_adaptive_sampling,Ant-v3,4,2.104808404920989
v2_ppo_lipshitz_adaptive_sampling,Ant-v3,3,2.259502478017999
v2_ppo_lipshitz_adaptive_sampling,Ant-v3,1,2.200663135910319
v2_ppo_lipshitz_adaptive_sampling,Ant-v3,5,2.1657615296356747
v2_ppo_lipshitz_adaptive_sampling,Hopper-v3,3,1.856882959036961
v2_ppo_lipshitz_adaptive_sampling,Hopper-v3,4,1.5778356290052673
v2_ppo_lipshitz_adaptive_sampling,Hopper-v3,5,1.539793730986923
v2_ppo_lipshitz_adaptive_sampling,Hopper-v3,2,1.6928259977899565
v2_ppo_lipshitz_adaptive_sampling,Hopper-v3,1,1.452819929666632
v2_ppo_lipshitz_adaptive_sampling,HalfCheetah-v3,1,2.2453797453673228
v2_ppo_lipshitz_adaptive_sampling,HalfCheetah-v3,4,2.261575704392043
v2_ppo_lipshitz_adaptive_sampling,HalfCheetah-v3,2,2.2640380370118733
v2_ppo_lipshitz_adaptive_sampling,HalfCheetah-v3,5,2.290715049475646
v2_ppo_lipshitz_adaptive_sampling,HalfCheetah-v3,3,2.2714817721701612
v2_ppo_lipshitz_adaptive_sampling,DMCS-Fish-v0,5,1.9733550154256352
v2_ppo_lipshitz_adaptive_sampling,DMCS-Fish-v0,3,2.1466174219398484
v2_ppo_lipshitz_adaptive_sampling,DMCS-Fish-v0,1,2.201447251563843
v2_ppo_lipshitz_adaptive_sampling,DMCS-Fish-v0,4,2.1666772015227096
v2_ppo_lipshitz_adaptive_sampling,DMCS-Fish-v0,2,2.123395703172707
v2_ppo_lipshitz_adaptive_sampling,DMCS-Finger-v0,2,2.2945691604160627
v2_ppo_lipshitz_adaptive_sampling,DMCS-Finger-v0,1,2.3003250026402906
v2_ppo_lipshitz_adaptive_sampling,DMCS-Finger-v0,4,2.298222281677491
v2_ppo_lipshitz_adaptive_sampling,DMCS-Finger-v0,3,2.3022260889137662
v2_ppo_lipshitz_adaptive_sampling,DMCS-Finger-v0,5,2.301726366902816
v2_ppo_lipshitz_adaptive_sampling,DMCS-Cart-k-Pole-v0,5,2.298808799696028
v2_ppo_lipshitz_adaptive_sampling,DMCS-Cart-k-Pole-v0,4,2.301561896772612
v2_ppo_lipshitz_adaptive_sampling,DMCS-Cart-k-Pole-v0,1,2.300127740229302
v2_ppo_lipshitz_adaptive_sampling,DMCS-Cart-k-Pole-v0,2,2.301298909895024
v2_ppo_lipshitz_adaptive_sampling,DMCS-Cart-k-Pole-v0,3,2.301043491663595
v2_ppo_lipshitz_adaptive_sampling,DMCS-Acrobot-v0,2,2.302352047409407
v2_ppo_lipshitz_adaptive_sampling,DMCS-Acrobot-v0,5,2.302251213140812
v2_ppo_lipshitz_adaptive_sampling,DMCS-Acrobot-v0,1,2.3023599234173853
v2_ppo_lipshitz_adaptive_sampling,DMCS-Acrobot-v0,3,2.302273694357493
v2_ppo_lipshitz_adaptive_sampling,DMCS-Acrobot-v0,4,2.3023350102844526
v2_ppo_lipshitz_adaptive_sampling,DMCS-Ball-in-cup-v0,5,2.3007474363595635
v2_ppo_lipshitz_adaptive_sampling,DMCS-Ball-in-cup-v0,3,2.300229486665574
v2_ppo_lipshitz_adaptive_sampling,DMCS-Ball-in-cup-v0,4,2.2977750802868333
v2_ppo_lipshitz_adaptive_sampling,DMCS-Ball-in-cup-v0,2,2.2887215783589703
v2_ppo_lipshitz_adaptive_sampling,DMCS-Ball-in-cup-v0,1,2.29795217314396
v2_ppo_lipshitz_adaptive_sampling,FetchSlide-v2,1,2.1416899041527877
v2_ppo_lipshitz_adaptive_sampling,FetchSlide-v2,3,2.133991967791214
v2_ppo_lipshitz_adaptive_sampling,FetchSlide-v2,2,2.1393035559541973
v2_ppo_lipshitz_adaptive_sampling,FetchSlide-v2,5,2.131301019807184
v2_ppo_lipshitz_adaptive_sampling,FetchSlide-v2,4,2.1424166875551593
v2_ppo_lipshitz_adaptive_sampling,FetchPush-v2,5,2.2503519285979787
v2_ppo_lipshitz_adaptive_sampling,FetchPush-v2,3,2.250896447262991
v2_ppo_lipshitz_adaptive_sampling,FetchPush-v2,1,2.250646542766499
v2_ppo_lipshitz_adaptive_sampling,FetchPush-v2,2,2.2512334172683013
v2_ppo_lipshitz_adaptive_sampling,FetchPush-v2,4,2.250732731930281
v2_ppo_lipshitz_adaptive_sampling,FetchReach-v1,2,2.251458395988871
v2_ppo_lipshitz_adaptive_sampling,FetchReach-v1,1,2.2159405368060705
v2_ppo_lipshitz_adaptive_sampling,FetchReach-v1,4,2.1455279315197715
v2_ppo_lipshitz_adaptive_sampling,FetchReach-v1,5,2.074557118829219
v2_ppo_lipshitz_adaptive_sampling,FetchReach-v1,3,2.123684847494123
v2_ppo_lipshitz_adaptive_sampling,Maze-Ur-v0,3,2.2536934220539044
v2_ppo_lipshitz_adaptive_sampling,Maze-Ur-v0,2,2.246767706459988
v2_ppo_lipshitz_adaptive_sampling,Maze-Ur-v0,4,2.250465855726684
v2_ppo_lipshitz_adaptive_sampling,Maze-Ur-v0,1,2.1387923442836216
v2_ppo_lipshitz_adaptive_sampling,Maze-Ur-v0,5,2.1307417337590575
v2_ppo_lipshitz_adaptive_sampling,Maze-Hard-v0,3,2.127471210189907
v2_ppo_lipshitz_adaptive_sampling,Maze-Hard-v0,4,2.125561558606172
v2_ppo_lipshitz_adaptive_sampling,Maze-Hard-v0,1,2.1273955188626874
v2_ppo_lipshitz_adaptive_sampling,Maze-Hard-v0,5,2.178924308087129
v2_ppo_lipshitz_adaptive_sampling,Maze-Hard-v0,2,2.204322481110641
v2_ppo_lipshitz_adaptive_sampling,Maze-Easy-v0,4,2.2616440554656667
v2_ppo_lipshitz_adaptive_sampling,Maze-Easy-v0,3,2.2710239620245813
v2_ppo_lipshitz_adaptive_sampling,Maze-Easy-v0,1,2.2708812669149667
v2_ppo_lipshitz_adaptive_sampling,Maze-Easy-v0,5,2.246040554707183
v2_ppo_lipshitz_adaptive_sampling,Maze-Easy-v0,2,2.26005506066144
rnd_ppo,Swimmer-v3,2,2.2803427152870737
rnd_ppo,Swimmer-v3,1,2.2852321677140783
rnd_ppo,Swimmer-v3,5,2.2815928334081508
rnd_ppo,Swimmer-v3,4,2.2796981314705147
rnd_ppo,Swimmer-v3,3,2.28113111562751
rnd_ppo,Walker2d-v3,1,2.2000341743401712
rnd_ppo,Walker2d-v3,2,2.164691773595038
rnd_ppo,Walker2d-v3,5,2.132773389994643
rnd_ppo,Walker2d-v3,3,2.16474749257719
rnd_ppo,Walker2d-v3,4,2.1815961669402015
rnd_ppo,Ant-v3,4,2.2917123415163094
rnd_ppo,Ant-v3,5,2.293883672525277
rnd_ppo,Ant-v3,1,2.291718908162984
rnd_ppo,Ant-v3,3,2.2934086290765476
rnd_ppo,Ant-v3,2,2.292102135472606
rnd_ppo,Hopper-v3,5,2.2296920352043488
rnd_ppo,Hopper-v3,1,2.2258037762049905
rnd_ppo,Hopper-v3,4,2.242046943190082
rnd_ppo,Hopper-v3,2,2.2268341899647024
rnd_ppo,Hopper-v3,3,2.249759661652109
rnd_ppo,HalfCheetah-v3,1,2.275310699707993
rnd_ppo,HalfCheetah-v3,3,2.2704994390400524
rnd_ppo,HalfCheetah-v3,2,2.280605616749186
rnd_ppo,HalfCheetah-v3,4,2.2708208485407764
rnd_ppo,HalfCheetah-v3,5,2.275864024133574
rnd_ppo,DMCS-Finger-v0,2,2.3024199319923766
rnd_ppo,DMCS-Finger-v0,1,2.3023171863729286
rnd_ppo,DMCS-Finger-v0,3,2.302295877843502
rnd_ppo,DMCS-Finger-v0,4,2.302220627828416
rnd_ppo,DMCS-Finger-v0,5,2.3023486996335296
rnd_ppo,DMCS-Fish-v0,1,2.2176756988240407
rnd_ppo,DMCS-Fish-v0,5,2.2020412427524687
rnd_ppo,DMCS-Fish-v0,2,2.1965642865199753
rnd_ppo,DMCS-Fish-v0,4,2.1976416038889313
rnd_ppo,DMCS-Fish-v0,3,2.2182815993739915
rnd_ppo,DMCS-Cart-k-Pole-v0,2,2.300959163660374
rnd_ppo,DMCS-Cart-k-Pole-v0,5,2.299267812128167
rnd_ppo,DMCS-Cart-k-Pole-v0,4,2.299394102613527
rnd_ppo,DMCS-Cart-k-Pole-v0,3,2.3008604056146926
rnd_ppo,DMCS-Cart-k-Pole-v0,1,2.30044783229955
rnd_ppo,DMCS-Ball-in-cup-v0,3,2.3022764415586376
rnd_ppo,DMCS-Ball-in-cup-v0,4,2.302216205976847
rnd_ppo,DMCS-Ball-in-cup-v0,1,2.3022112067289995
rnd_ppo,DMCS-Ball-in-cup-v0,2,2.3022247687890873
rnd_ppo,DMCS-Ball-in-cup-v0,5,2.30224749712528
rnd_ppo,DMCS-Acrobot-v0,2,2.3022452690567405
rnd_ppo,DMCS-Acrobot-v0,4,2.302295093138483
rnd_ppo,DMCS-Acrobot-v0,5,2.3022690486285864
rnd_ppo,DMCS-Acrobot-v0,1,2.3022931163425353
rnd_ppo,DMCS-Acrobot-v0,3,2.302209697249725
rnd_ppo,FetchSlide-v2,1,2.1377985039115894
rnd_ppo,FetchSlide-v2,5,2.1858509110601214
rnd_ppo,FetchSlide-v2,3,2.1035246872543185
rnd_ppo,FetchSlide-v2,2,2.095643945906445
rnd_ppo,FetchSlide-v2,4,2.15387614836394
rnd_ppo,Maze-Hard-v0,5,2.238865615455335
rnd_ppo,Maze-Hard-v0,2,2.2710203795012855
rnd_ppo,Maze-Hard-v0,4,2.031561621672988
rnd_ppo,Maze-Hard-v0,3,2.166436787810957
rnd_ppo,Maze-Hard-v0,1,2.219097855996382
rnd_ppo,FetchPush-v2,5,2.254963119755365
rnd_ppo,FetchPush-v2,2,2.2458866637238786
rnd_ppo,FetchPush-v2,1,2.259541320805789
rnd_ppo,FetchPush-v2,3,2.250398340358198
rnd_ppo,FetchPush-v2,4,2.251428538971269
rnd_ppo,FetchReach-v1,3,2.28398213936924
rnd_ppo,FetchReach-v1,5,2.289996154001653
rnd_ppo,FetchReach-v1,4,2.253837300774887
rnd_ppo,FetchReach-v1,1,2.292356477700529
rnd_ppo,FetchReach-v1,2,2.215612018986064
rnd_ppo,Maze-Easy-v0,3,2.2798495912486745
rnd_ppo,Maze-Easy-v0,5,2.2828565123854903
rnd_ppo,Maze-Easy-v0,4,2.2843189643805712
rnd_ppo,Maze-Easy-v0,2,2.144664605251332
rnd_ppo,Maze-Easy-v0,1,2.2948151495051503
rnd_ppo,Maze-Ur-v0,4,2.263003526590099
rnd_ppo,Maze-Ur-v0,1,2.2671127314532984
rnd_ppo,Maze-Ur-v0,2,2.2713960165303613
rnd_ppo,Maze-Ur-v0,5,2.281276661206202
rnd_ppo,Maze-Ur-v0,3,2.271552110029801
v2_ppo_kl_adaptive_sampling,HalfCheetah-v3,1,2.2959766937518173
v2_ppo_kl_adaptive_sampling,HalfCheetah-v3,2,2.2887580392057885
v2_ppo_kl_adaptive_sampling,HalfCheetah-v3,3,2.2424545207841415
v2_ppo_kl_adaptive_sampling,HalfCheetah-v3,4,2.292942202632222
ppo,Swimmer-v3,5,2.1922483188231916
ppo,Swimmer-v3,4,2.2147844135010977
ppo,Swimmer-v3,2,2.162704807287243
ppo,Swimmer-v3,1,2.2344560051658275
ppo,Swimmer-v3,3,2.182710297455112
ppo,HumanoidStandup-v4,1,1.7433740266462137
ppo,HumanoidStandup-v4,5,1.784901310909497
ppo,HumanoidStandup-v4,2,1.740382166324612
ppo,HumanoidStandup-v4,3,1.835658352700101
ppo,HumanoidStandup-v4,4,1.7904367267357086
ppo,Reacher-v4,5,2.297615175338508
ppo,Reacher-v4,2,2.296874523262418
ppo,Reacher-v4,4,2.2965072497816936
ppo,Reacher-v4,1,2.2956938125364665
ppo,Reacher-v4,3,2.296442564412078
ppo,Walker2d-v3,4,1.5702440859229867
ppo,Walker2d-v3,5,1.569396945696997
ppo,Walker2d-v3,2,1.5738116272060425
ppo,Walker2d-v3,1,1.5783535362967631
ppo,Walker2d-v3,3,1.5750650436602265
ppo,Humanoid-v3,2,2.121501982563915
ppo,Humanoid-v3,3,2.131021692535388
ppo,Humanoid-v3,5,2.130706762509181
ppo,Humanoid-v3,4,2.1374783139853104
ppo,Humanoid-v3,1,2.13446635695483
ppo,Ant-v3,4,2.285035569204501
ppo,Ant-v3,5,2.2841823088489877
ppo,Ant-v3,1,2.2877505708595502
ppo,Ant-v3,3,2.283526142758519
ppo,Ant-v3,2,2.287897406846081
ppo,HalfCheetah-v3,1,2.213177199691511
ppo,HalfCheetah-v3,3,2.2534323405048213
ppo,HalfCheetah-v3,2,2.243047381824997
ppo,HalfCheetah-v3,4,2.218052366633213
ppo,HalfCheetah-v3,5,2.252501883896251
ppo,Hopper-v3,4,1.3796388497111132
ppo,Hopper-v3,1,1.3785288420156825
ppo,Hopper-v3,3,1.3753522437730794
ppo,Hopper-v3,2,1.4380092529008432
ppo,Hopper-v3,5,1.372342385356062
ppo,DMCS-Fish-v0,5,2.1537731744120387
ppo,DMCS-Fish-v0,2,2.1403668364413155
ppo,DMCS-Fish-v0,3,2.1260239504467764
ppo,DMCS-Fish-v0,4,2.1418968079149585
ppo,DMCS-Fish-v0,1,2.1385855537263456
ppo,DMCS-Cart-k-Pole-v0,4,2.2993654316130008
ppo,DMCS-Cart-k-Pole-v0,3,2.297712313007255
ppo,DMCS-Cart-k-Pole-v0,2,2.298972808617959
ppo,DMCS-Cart-k-Pole-v0,5,2.300322693892048
ppo,DMCS-Cart-k-Pole-v0,1,2.2990069923199226
ppo,DMCS-Finger-v0,5,2.3006073669224745
ppo,DMCS-Finger-v0,1,2.3010496465598367
ppo,DMCS-Finger-v0,2,2.3011642393744816
ppo,DMCS-Finger-v0,3,2.3010699403898744
ppo,DMCS-Finger-v0,4,2.301015671855188
ppo,DMCS-Acrobot-v0,3,2.300698711723868
ppo,DMCS-Acrobot-v0,1,2.300452849319189
ppo,DMCS-Acrobot-v0,2,2.3006456912938225
ppo,DMCS-Acrobot-v0,4,2.3006439269667354
ppo,DMCS-Acrobot-v0,5,2.3005158804260923
ppo,DMCS-Ball-in-cup-v0,4,2.3003141537872875
ppo,DMCS-Ball-in-cup-v0,1,2.3006906764490336
ppo,DMCS-Ball-in-cup-v0,5,2.2999151051494113
ppo,DMCS-Ball-in-cup-v0,2,2.300710624874975
ppo,DMCS-Ball-in-cup-v0,3,2.300249630549519
ppo,FetchSlide-v2,3,2.073307421271183
ppo,FetchSlide-v2,1,2.0844306505072483
ppo,FetchSlide-v2,5,2.1189923577708827
ppo,FetchSlide-v2,2,2.1034362163476996
ppo,FetchSlide-v2,4,2.125001263306753
ppo,FetchPush-v2,5,2.208309373893399
ppo,FetchPush-v2,4,2.2083683173959616
ppo,FetchPush-v2,1,2.2114297466255657
ppo,FetchPush-v2,3,2.2225311775147607
ppo,FetchPush-v2,2,2.21597863663264
ppo,FetchReach-v1,4,2.288442548821106
ppo,FetchReach-v1,1,2.287968667850216
ppo,FetchReach-v1,2,2.2942463697654247
ppo,FetchReach-v1,5,2.2929904042118996
ppo,FetchReach-v1,3,2.2917059863722984
ppo,Maze-Hard-v0,5,2.2923909465561323
ppo,Maze-Hard-v0,3,2.2871963785044502
ppo,Maze-Hard-v0,4,2.1719419223127026
ppo,Maze-Hard-v0,1,2.2709025995724064
ppo,Maze-Hard-v0,2,2.221238552067852
ppo,Maze-Ur-v0,2,2.2701737613134623
ppo,Maze-Ur-v0,1,2.2440222046411806
ppo,Maze-Ur-v0,3,2.2863348235136893
ppo,Maze-Ur-v0,4,2.291759342196459
ppo,Maze-Ur-v0,5,2.2812168546170977
ppo,Maze-Easy-v0,2,2.291682269203018
ppo,Maze-Easy-v0,3,2.2935015885437737
ppo,Maze-Easy-v0,4,2.277717824997642
ppo,Maze-Easy-v0,1,2.2923422692278512
ppo,Maze-Easy-v0,5,2.289685576221313
v1_ppo_lipshitz_adaptive_sampling,Swimmer-v3,3,2.2564950241390256
v1_ppo_lipshitz_adaptive_sampling,Swimmer-v3,4,2.2524369429657742
v1_ppo_lipshitz_adaptive_sampling,Swimmer-v3,5,2.253113736440156
v1_ppo_lipshitz_adaptive_sampling,Swimmer-v3,1,2.259356683779119
v1_ppo_lipshitz_adaptive_sampling,Swimmer-v3,2,2.2582218247242065
v1_ppo_lipshitz_adaptive_sampling,Humanoid-v3,2,2.1642557645524216
v1_ppo_lipshitz_adaptive_sampling,Humanoid-v3,3,2.1791495967840064
v1_ppo_lipshitz_adaptive_sampling,Humanoid-v3,4,2.197113814661925
v1_ppo_lipshitz_adaptive_sampling,Humanoid-v3,5,2.192906256007907
v1_ppo_lipshitz_adaptive_sampling,Humanoid-v3,1,2.210179561165244
v1_ppo_lipshitz_adaptive_sampling,Ant-v3,4,2.2873861606764745
v1_ppo_lipshitz_adaptive_sampling,Ant-v3,2,2.2343508028426333
v1_ppo_lipshitz_adaptive_sampling,Ant-v3,3,2.29655567179419
v1_ppo_lipshitz_adaptive_sampling,Ant-v3,5,2.050139681563871
v1_ppo_lipshitz_adaptive_sampling,Ant-v3,1,2.122803064351324
v1_ppo_lipshitz_adaptive_sampling,Walker2d-v3,1,2.1137562320473884
v1_ppo_lipshitz_adaptive_sampling,Walker2d-v3,4,2.199104070702383
v1_ppo_lipshitz_adaptive_sampling,Walker2d-v3,2,2.1529032877456378
v1_ppo_lipshitz_adaptive_sampling,Walker2d-v3,5,1.7512038928862688
v1_ppo_lipshitz_adaptive_sampling,Walker2d-v3,3,1.651247275971303
v1_ppo_lipshitz_adaptive_sampling,Hopper-v3,4,2.0546843093883913
v1_ppo_lipshitz_adaptive_sampling,Hopper-v3,1,1.9004225620485364
v1_ppo_lipshitz_adaptive_sampling,Hopper-v3,3,2.058814092711194
v1_ppo_lipshitz_adaptive_sampling,Hopper-v3,5,1.8050121092348252
v1_ppo_lipshitz_adaptive_sampling,Hopper-v3,2,2.123527434397584
v1_ppo_lipshitz_adaptive_sampling,HalfCheetah-v3,5,2.2760612251988706
v1_ppo_lipshitz_adaptive_sampling,HalfCheetah-v3,3,2.2792425629848494
v1_ppo_lipshitz_adaptive_sampling,HalfCheetah-v3,1,2.2785588696130397
v1_ppo_lipshitz_adaptive_sampling,HalfCheetah-v3,4,2.2779630714637595
v1_ppo_lipshitz_adaptive_sampling,HalfCheetah-v3,2,2.2795693292815806
v1_ppo_lipshitz_adaptive_sampling,DMCS-Cart-k-Pole-v0,3,2.301726647626753
v1_ppo_lipshitz_adaptive_sampling,DMCS-Cart-k-Pole-v0,5,2.299984134504181
v1_ppo_lipshitz_adaptive_sampling,DMCS-Cart-k-Pole-v0,4,2.2997837378370836
v1_ppo_lipshitz_adaptive_sampling,DMCS-Cart-k-Pole-v0,1,2.2994372439968203
v1_ppo_lipshitz_adaptive_sampling,DMCS-Cart-k-Pole-v0,2,2.298766223301499
v1_ppo_lipshitz_adaptive_sampling,DMCS-Fish-v0,4,2.1784537450606085
v1_ppo_lipshitz_adaptive_sampling,DMCS-Fish-v0,1,2.1062397217028144
v1_ppo_lipshitz_adaptive_sampling,DMCS-Fish-v0,5,2.1565432425262645
v1_ppo_lipshitz_adaptive_sampling,DMCS-Fish-v0,3,2.199928796628944
v1_ppo_lipshitz_adaptive_sampling,DMCS-Fish-v0,2,1.927862029312942
v1_ppo_lipshitz_adaptive_sampling,DMCS-Finger-v0,4,2.2604677201051517
v1_ppo_lipshitz_adaptive_sampling,DMCS-Finger-v0,2,2.270576803478143
v1_ppo_lipshitz_adaptive_sampling,DMCS-Finger-v0,5,2.2894252651425986
v1_ppo_lipshitz_adaptive_sampling,DMCS-Finger-v0,3,2.300054371744547
v1_ppo_lipshitz_adaptive_sampling,DMCS-Finger-v0,1,2.2917580013345433
v1_ppo_lipshitz_adaptive_sampling,DMCS-Ball-in-cup-v0,4,2.2968926228188575
v1_ppo_lipshitz_adaptive_sampling,DMCS-Ball-in-cup-v0,5,2.285310273994227
v1_ppo_lipshitz_adaptive_sampling,DMCS-Ball-in-cup-v0,1,2.2583735169249777
v1_ppo_lipshitz_adaptive_sampling,DMCS-Ball-in-cup-v0,2,2.295715693770057
v1_ppo_lipshitz_adaptive_sampling,DMCS-Ball-in-cup-v0,3,2.2810536672607804
v1_ppo_lipshitz_adaptive_sampling,DMCS-Acrobot-v0,3,2.302357543209257
v1_ppo_lipshitz_adaptive_sampling,DMCS-Acrobot-v0,2,2.302252865520528
v1_ppo_lipshitz_adaptive_sampling,DMCS-Acrobot-v0,4,2.3022812060346
v1_ppo_lipshitz_adaptive_sampling,DMCS-Acrobot-v0,1,2.3023617901346105
v1_ppo_lipshitz_adaptive_sampling,DMCS-Acrobot-v0,5,2.3022197129291566
v1_ppo_lipshitz_adaptive_sampling,FetchSlide-v2,3,2.120806571848683
v1_ppo_lipshitz_adaptive_sampling,FetchSlide-v2,2,2.110616573465923
v1_ppo_lipshitz_adaptive_sampling,FetchSlide-v2,5,2.0939736715349047
v1_ppo_lipshitz_adaptive_sampling,FetchSlide-v2,1,2.1098970384674245
v1_ppo_lipshitz_adaptive_sampling,FetchSlide-v2,4,2.1140267285266687
v1_ppo_lipshitz_adaptive_sampling,FetchPush-v2,3,2.247875994716205
v1_ppo_lipshitz_adaptive_sampling,FetchPush-v2,1,2.2496098806578435
v1_ppo_lipshitz_adaptive_sampling,FetchPush-v2,2,2.2448722182142027
v1_ppo_lipshitz_adaptive_sampling,FetchPush-v2,4,2.2481231142759435
v1_ppo_lipshitz_adaptive_sampling,FetchPush-v2,5,2.24398288146493
v1_ppo_lipshitz_adaptive_sampling,FetchReach-v1,2,2.281905182115646
v1_ppo_lipshitz_adaptive_sampling,FetchReach-v1,1,2.2738748551885903
v1_ppo_lipshitz_adaptive_sampling,FetchReach-v1,4,2.2844757243416915
v1_ppo_lipshitz_adaptive_sampling,FetchReach-v1,3,2.288160776378801
v1_ppo_lipshitz_adaptive_sampling,FetchReach-v1,5,2.2505468418873384
v1_ppo_lipshitz_adaptive_sampling,Maze-Hard-v0,1,2.2895934294853975
v1_ppo_lipshitz_adaptive_sampling,Maze-Hard-v0,3,2.096255160249457
v1_ppo_lipshitz_adaptive_sampling,Maze-Hard-v0,2,2.168008785060218
v1_ppo_lipshitz_adaptive_sampling,Maze-Hard-v0,5,2.285440632489298
v1_ppo_lipshitz_adaptive_sampling,Maze-Hard-v0,4,2.0132850490325924
v1_ppo_lipshitz_adaptive_sampling,Maze-Ur-v0,1,1.9149669557487532
v1_ppo_lipshitz_adaptive_sampling,Maze-Ur-v0,2,2.1461153370359884
v1_ppo_lipshitz_adaptive_sampling,Maze-Ur-v0,3,2.284276120897708
v1_ppo_lipshitz_adaptive_sampling,Maze-Ur-v0,5,2.2551117606344047
v1_ppo_lipshitz_adaptive_sampling,Maze-Ur-v0,4,2.2758455547924115
v1_ppo_lipshitz_adaptive_sampling,Maze-Easy-v0,5,2.2350185014457065
v1_ppo_lipshitz_adaptive_sampling,Maze-Easy-v0,3,2.225868346888821
v1_ppo_lipshitz_adaptive_sampling,Maze-Easy-v0,2,2.0894977191318165
v1_ppo_lipshitz_adaptive_sampling,Maze-Easy-v0,4,2.2214170576249264
v1_ppo_lipshitz_adaptive_sampling,Maze-Easy-v0,1,2.2287409611622557
aux_ppo,Swimmer-v3,2,2.271310502690915
aux_ppo,Swimmer-v3,3,2.2660427595085566
aux_ppo,Swimmer-v3,1,2.263178838981059
aux_ppo,Swimmer-v3,4,2.2705939729739657
aux_ppo,Swimmer-v3,5,2.2810564096915007
aux_ppo,Walker2d-v3,3,2.174610198017144
aux_ppo,Walker2d-v3,1,2.2138302653075583
aux_ppo,Walker2d-v3,5,2.12859412988166
aux_ppo,Walker2d-v3,2,2.1764663828376816
aux_ppo,Walker2d-v3,4,2.170705103356949
aux_ppo,Ant-v3,3,2.2975831138253264
aux_ppo,Ant-v3,1,2.299812501717403
aux_ppo,Ant-v3,5,2.2982806262430175
aux_ppo,Ant-v3,4,2.2934636768052594
aux_ppo,Ant-v3,2,2.297774243052656
aux_ppo,Hopper-v3,5,2.2676125011833688
aux_ppo,Hopper-v3,1,2.272452400007574
aux_ppo,Hopper-v3,4,2.2664286577856534
aux_ppo,Hopper-v3,2,2.2628045067839504
aux_ppo,Hopper-v3,3,2.278481816508807
aux_ppo,HalfCheetah-v3,3,2.2792556299344935
aux_ppo,HalfCheetah-v3,5,2.2658914107520043
aux_ppo,HalfCheetah-v3,2,2.280451333607976
aux_ppo,HalfCheetah-v3,4,2.2847694647385124
aux_ppo,HalfCheetah-v3,1,2.2713938501140993
aux_ppo,DMCS-Fish-v0,1,2.063449613100139
aux_ppo,DMCS-Fish-v0,3,2.1521206492805325
aux_ppo,DMCS-Fish-v0,2,2.142995240689239
aux_ppo,DMCS-Fish-v0,5,2.1278308977562563
aux_ppo,DMCS-Fish-v0,4,2.185587290216284
aux_ppo,DMCS-Finger-v0,2,2.30236431081791
aux_ppo,DMCS-Finger-v0,1,2.302251284566063
aux_ppo,DMCS-Finger-v0,4,2.3023630453685047
aux_ppo,DMCS-Finger-v0,5,2.302352079867999
aux_ppo,DMCS-Finger-v0,3,2.30222292019645
aux_ppo,DMCS-Cart-k-Pole-v0,5,2.3013151660068383
aux_ppo,DMCS-Cart-k-Pole-v0,3,2.300615267884019
aux_ppo,DMCS-Cart-k-Pole-v0,1,2.3010611038579816
aux_ppo,DMCS-Cart-k-Pole-v0,4,2.300569006537538
aux_ppo,DMCS-Cart-k-Pole-v0,2,2.300283873660784
aux_ppo,DMCS-Acrobot-v0,1,2.3022102072562087
aux_ppo,DMCS-Acrobot-v0,2,2.302244438819366
aux_ppo,DMCS-Acrobot-v0,4,2.302167575933952
aux_ppo,DMCS-Acrobot-v0,5,2.302167721518871
aux_ppo,DMCS-Acrobot-v0,3,2.302225095715922
aux_ppo,DMCS-Ball-in-cup-v0,3,2.3021763316087247
aux_ppo,DMCS-Ball-in-cup-v0,4,2.3014987268356673
aux_ppo,DMCS-Ball-in-cup-v0,5,2.30228192798004
aux_ppo,DMCS-Ball-in-cup-v0,1,2.3021692498058637
aux_ppo,DMCS-Ball-in-cup-v0,2,2.302312020812161
aux_ppo,FetchSlide-v2,2,2.1007563740420867
aux_ppo,FetchSlide-v2,5,2.123249862542683
aux_ppo,FetchSlide-v2,1,2.089252044403578
aux_ppo,FetchSlide-v2,3,2.113230223369555
aux_ppo,FetchSlide-v2,4,2.0945579561279337
aux_ppo,FetchReach-v1,1,2.297576192677878
aux_ppo,FetchReach-v1,2,2.297529987411052
aux_ppo,FetchReach-v1,5,2.2968529371820807
aux_ppo,FetchReach-v1,4,2.2969107160949673
aux_ppo,FetchReach-v1,3,2.2975788885789785
aux_ppo,FetchPush-v2,5,2.2425842568615586
aux_ppo,FetchPush-v2,4,2.2432480905112526
aux_ppo,FetchPush-v2,2,2.2422246975575635
aux_ppo,FetchPush-v2,3,2.2437315795395545
aux_ppo,FetchPush-v2,1,2.243126636544722
aux_ppo,Maze-Hard-v0,4,2.291339346570739
aux_ppo,Maze-Hard-v0,1,2.282050478024834
aux_ppo,Maze-Hard-v0,2,2.279208042931551
aux_ppo,Maze-Hard-v0,5,2.286295638803991
aux_ppo,Maze-Hard-v0,3,2.285420951100141
aux_ppo,Maze-Easy-v0,1,2.294125173357097
aux_ppo,Maze-Easy-v0,3,2.2870877080323746
aux_ppo,Maze-Easy-v0,4,2.283839036796677
aux_ppo,Maze-Easy-v0,5,2.294731173248396
aux_ppo,Maze-Easy-v0,2,2.277826758227709
aux_ppo,Maze-Ur-v0,3,2.2730136376525296
aux_ppo,Maze-Ur-v0,2,2.2762495155503064
aux_ppo,Maze-Ur-v0,1,2.285720958810443
aux_ppo,Maze-Ur-v0,4,2.280528760466636
aux_ppo,Maze-Ur-v0,5,2.287844888662652
apt_ppo,Swimmer-v3,2,2.264478679659788
apt_ppo,Swimmer-v3,4,2.272498272844151
apt_ppo,Swimmer-v3,5,2.2747828877601965
apt_ppo,Swimmer-v3,3,2.2756649833944236
apt_ppo,Swimmer-v3,1,2.2743584548880107
apt_ppo,Walker2d-v3,4,2.214153933805373
apt_ppo,Walker2d-v3,2,2.2067986231419083
apt_ppo,Walker2d-v3,5,2.080696759823803
apt_ppo,Walker2d-v3,3,2.195819555935081
apt_ppo,Walker2d-v3,1,2.1454162927126994
apt_ppo,Ant-v3,3,2.3002006333731924
apt_ppo,Ant-v3,2,2.2992397497674255
apt_ppo,Ant-v3,4,2.2998344053278275
apt_ppo,Ant-v3,1,2.299440567233201
apt_ppo,Ant-v3,5,2.297868766371132
apt_ppo,Hopper-v3,2,2.221155966322046
apt_ppo,Hopper-v3,5,2.2169230521554364
apt_ppo,Hopper-v3,1,2.2342433649335014
apt_ppo,Hopper-v3,3,2.242813054755673
apt_ppo,Hopper-v3,4,2.227181697861712
apt_ppo,HalfCheetah-v3,3,2.2804617687999937
apt_ppo,HalfCheetah-v3,4,2.273595064705214
apt_ppo,HalfCheetah-v3,5,2.2793112749560813
apt_ppo,HalfCheetah-v3,1,2.2474813056541114
apt_ppo,HalfCheetah-v3,2,2.264269933494287
apt_ppo,DMCS-Fish-v0,2,2.1307396604617197
apt_ppo,DMCS-Fish-v0,5,2.1600078386175356
apt_ppo,DMCS-Fish-v0,4,2.142755966808045
apt_ppo,DMCS-Fish-v0,1,2.1598440894183693
apt_ppo,DMCS-Fish-v0,3,2.18394137908543
apt_ppo,DMCS-Cart-k-Pole-v0,4,2.3009759627434683
apt_ppo,DMCS-Cart-k-Pole-v0,3,2.301136977653052
apt_ppo,DMCS-Cart-k-Pole-v0,2,2.3010910561683517
apt_ppo,DMCS-Cart-k-Pole-v0,5,2.3014831677562886
apt_ppo,DMCS-Cart-k-Pole-v0,1,2.3017505136768586
apt_ppo,DMCS-Finger-v0,5,2.302177876414345
apt_ppo,DMCS-Finger-v0,2,2.3022465250142483
apt_ppo,DMCS-Finger-v0,3,2.30231521988941
apt_ppo,DMCS-Finger-v0,4,2.3022516319556146
apt_ppo,DMCS-Finger-v0,1,2.3022593863178487
apt_ppo,DMCS-Ball-in-cup-v0,3,2.3022430696533083
apt_ppo,DMCS-Ball-in-cup-v0,1,2.3022728778555197
apt_ppo,DMCS-Ball-in-cup-v0,4,2.302026318745793
apt_ppo,DMCS-Ball-in-cup-v0,5,2.3023335299470995
apt_ppo,DMCS-Ball-in-cup-v0,2,2.302328429932276
apt_ppo,DMCS-Acrobot-v0,5,2.302217801722748
apt_ppo,DMCS-Acrobot-v0,1,2.302080827911712
apt_ppo,DMCS-Acrobot-v0,3,2.3022513753871054
apt_ppo,DMCS-Acrobot-v0,2,2.30223827754491
apt_ppo,DMCS-Acrobot-v0,4,2.302151668222523
apt_ppo,FetchSlide-v2,1,2.1287980188572257
apt_ppo,FetchSlide-v2,4,2.1372140137251536
apt_ppo,FetchSlide-v2,3,2.13290920700552
apt_ppo,FetchSlide-v2,2,2.122773890887698
apt_ppo,FetchSlide-v2,5,2.131910446815799
apt_ppo,FetchPush-v2,1,2.2792397273649976
apt_ppo,FetchPush-v2,2,2.2745184240690626
apt_ppo,FetchPush-v2,4,2.2793610585036586
apt_ppo,FetchPush-v2,5,2.2736957541232674
apt_ppo,FetchPush-v2,3,2.272708515073838
apt_ppo,FetchReach-v1,5,2.294570673257579
apt_ppo,FetchReach-v1,1,2.2947334636619385
apt_ppo,FetchReach-v1,4,2.2941077434046324
apt_ppo,FetchReach-v1,2,2.2939341502872845
apt_ppo,FetchReach-v1,3,2.2960397156466845
apt_ppo,Maze-Easy-v0,4,2.2936768603861237
apt_ppo,Maze-Easy-v0,5,2.293335897570814
apt_ppo,Maze-Easy-v0,1,2.2959270785871264
apt_ppo,Maze-Easy-v0,2,2.298010978542961
apt_ppo,Maze-Easy-v0,3,2.2950817910847316
apt_ppo,Maze-Hard-v0,5,2.292843940200609
apt_ppo,Maze-Hard-v0,4,2.2918487302606994
apt_ppo,Maze-Hard-v0,3,2.292018275472479
apt_ppo,Maze-Hard-v0,2,2.2895811068990386
apt_ppo,Maze-Hard-v0,1,2.2945736382893895
apt_ppo,Maze-Ur-v0,2,2.2894276004078877
apt_ppo,Maze-Ur-v0,5,2.2924888136355928
apt_ppo,Maze-Ur-v0,1,2.29399416086008
apt_ppo,Maze-Ur-v0,3,2.2909895193340373
apt_ppo,Maze-Ur-v0,4,2.294475957577865
v1_ppo_kl_adaptive_sampling,Swimmer-v3,3,2.270704790597471
v1_ppo_kl_adaptive_sampling,Swimmer-v3,1,2.2768996300764552
v1_ppo_kl_adaptive_sampling,Swimmer-v3,5,2.269102308354988
v1_ppo_kl_adaptive_sampling,Swimmer-v3,4,2.2589264861791496
v1_ppo_kl_adaptive_sampling,Swimmer-v3,2,2.228227942102104
v1_ppo_kl_adaptive_sampling,Reacher-v4,2,2.30014603137006
v1_ppo_kl_adaptive_sampling,Reacher-v4,1,2.299664853557748
v1_ppo_kl_adaptive_sampling,Reacher-v4,4,2.3001607018588643
v1_ppo_kl_adaptive_sampling,Reacher-v4,5,2.3001253958944745
v1_ppo_kl_adaptive_sampling,Reacher-v4,3,2.296591111254502
v1_ppo_kl_adaptive_sampling,HumanoidStandup-v4,5,2.1534345239394033
v1_ppo_kl_adaptive_sampling,HumanoidStandup-v4,4,2.0454248016350154
v1_ppo_kl_adaptive_sampling,HumanoidStandup-v4,3,1.9293562682620735
v1_ppo_kl_adaptive_sampling,HumanoidStandup-v4,2,1.98973794411357
v1_ppo_kl_adaptive_sampling,HumanoidStandup-v4,1,2.080338672451218
v1_ppo_kl_adaptive_sampling,Walker2d-v3,2,2.2051590968306316
v1_ppo_kl_adaptive_sampling,Walker2d-v3,3,2.187102272185013
v1_ppo_kl_adaptive_sampling,Walker2d-v3,1,2.2351131225913594
v1_ppo_kl_adaptive_sampling,Walker2d-v3,5,2.2180333866616513
v1_ppo_kl_adaptive_sampling,Walker2d-v3,4,2.1759306410024544
v1_ppo_kl_adaptive_sampling,Humanoid-v3,2,2.228765330551806
v1_ppo_kl_adaptive_sampling,Humanoid-v3,1,2.212210647979324
v1_ppo_kl_adaptive_sampling,Humanoid-v3,4,2.2275766338425216
v1_ppo_kl_adaptive_sampling,Humanoid-v3,3,2.234819365414326
v1_ppo_kl_adaptive_sampling,Humanoid-v3,5,2.2270467289457225
v1_ppo_kl_adaptive_sampling,Ant-v3,5,2.2908522382639944
v1_ppo_kl_adaptive_sampling,Ant-v3,4,2.295854338185664
v1_ppo_kl_adaptive_sampling,Ant-v3,1,2.298681098691775
v1_ppo_kl_adaptive_sampling,Ant-v3,3,2.297792985190442
v1_ppo_kl_adaptive_sampling,Ant-v3,2,2.2987956757760832
v1_ppo_kl_adaptive_sampling,HalfCheetah-v3,2,2.2899982453043877
v1_ppo_kl_adaptive_sampling,HalfCheetah-v3,5,2.278017635855861
v1_ppo_kl_adaptive_sampling,HalfCheetah-v3,3,2.2919922389596668
v1_ppo_kl_adaptive_sampling,HalfCheetah-v3,4,2.2816150373225654
v1_ppo_kl_adaptive_sampling,HalfCheetah-v3,1,2.2911891142851024
v1_ppo_kl_adaptive_sampling,Hopper-v3,1,2.232942193122426
v1_ppo_kl_adaptive_sampling,Hopper-v3,4,1.9211233575853832
v1_ppo_kl_adaptive_sampling,Hopper-v3,5,2.172281251643235
v1_ppo_kl_adaptive_sampling,Hopper-v3,2,1.987813865050065
v1_ppo_kl_adaptive_sampling,Hopper-v3,3,2.2272608029647265
v1_ppo_kl_adaptive_sampling,DMCS-Fish-v0,3,2.086897724904337
v1_ppo_kl_adaptive_sampling,DMCS-Fish-v0,4,1.9419396687840833
v1_ppo_kl_adaptive_sampling,DMCS-Fish-v0,5,2.1719609742036097
v1_ppo_kl_adaptive_sampling,DMCS-Fish-v0,1,2.0617658540088386
v1_ppo_kl_adaptive_sampling,DMCS-Fish-v0,2,1.8908486085374667
v1_ppo_kl_adaptive_sampling,DMCS-Finger-v0,5,2.1841727661797985
v1_ppo_kl_adaptive_sampling,DMCS-Finger-v0,2,2.1565284405174237
v1_ppo_kl_adaptive_sampling,DMCS-Finger-v0,1,2.281575499840881
v1_ppo_kl_adaptive_sampling,DMCS-Finger-v0,4,2.204411150421514
v1_ppo_kl_adaptive_sampling,DMCS-Finger-v0,3,2.160539406221043
v1_ppo_kl_adaptive_sampling,DMCS-Ball-in-cup-v0,1,2.1383881078353117
v1_ppo_kl_adaptive_sampling,DMCS-Ball-in-cup-v0,4,2.1573051928560196
v1_ppo_kl_adaptive_sampling,DMCS-Ball-in-cup-v0,5,2.1693090748154233
v1_ppo_kl_adaptive_sampling,DMCS-Ball-in-cup-v0,3,2.299149638195664
v1_ppo_kl_adaptive_sampling,DMCS-Ball-in-cup-v0,2,2.2652371584785316
v1_ppo_kl_adaptive_sampling,DMCS-Cart-k-Pole-v0,5,2.2976418007111956
v1_ppo_kl_adaptive_sampling,DMCS-Cart-k-Pole-v0,4,2.301036884021961
v1_ppo_kl_adaptive_sampling,DMCS-Cart-k-Pole-v0,3,2.300694336040312
v1_ppo_kl_adaptive_sampling,DMCS-Cart-k-Pole-v0,2,2.298602544758745
v1_ppo_kl_adaptive_sampling,DMCS-Cart-k-Pole-v0,1,2.298266820031124
v1_ppo_kl_adaptive_sampling,DMCS-Acrobot-v0,2,2.302352787663526
v1_ppo_kl_adaptive_sampling,DMCS-Acrobot-v0,1,2.3023505445784527
v1_ppo_kl_adaptive_sampling,DMCS-Acrobot-v0,4,2.302330016354294
v1_ppo_kl_adaptive_sampling,DMCS-Acrobot-v0,5,2.302362340866282
v1_ppo_kl_adaptive_sampling,DMCS-Acrobot-v0,3,2.30235656938897
v1_ppo_kl_adaptive_sampling,FetchSlide-v2,3,2.1442042890355837
v1_ppo_kl_adaptive_sampling,FetchSlide-v2,1,2.131401418691152
v1_ppo_kl_adaptive_sampling,FetchSlide-v2,5,2.133515162870754
v1_ppo_kl_adaptive_sampling,FetchSlide-v2,4,2.123914237357414
v1_ppo_kl_adaptive_sampling,FetchSlide-v2,2,2.1225860630275113
v1_ppo_kl_adaptive_sampling,FetchPush-v2,3,2.2515730283416966
v1_ppo_kl_adaptive_sampling,FetchPush-v2,2,2.2497440713913384
v1_ppo_kl_adaptive_sampling,FetchPush-v2,4,2.2556999954799135
v1_ppo_kl_adaptive_sampling,FetchPush-v2,5,2.250472780123194
v1_ppo_kl_adaptive_sampling,FetchPush-v2,1,2.2467383801908705
v1_ppo_kl_adaptive_sampling,FetchReach-v1,2,2.2671108024877524
v1_ppo_kl_adaptive_sampling,FetchReach-v1,3,2.266095091317976
v1_ppo_kl_adaptive_sampling,FetchReach-v1,1,2.267229540597038
v1_ppo_kl_adaptive_sampling,FetchReach-v1,5,2.2680299650421816
v1_ppo_kl_adaptive_sampling,FetchReach-v1,4,2.2390226209100432
v1_ppo_kl_adaptive_sampling,Maze-Hard-v0,2,1.955336632841708
v1_ppo_kl_adaptive_sampling,Maze-Hard-v0,5,1.32534683315715
v1_ppo_kl_adaptive_sampling,Maze-Hard-v0,4,1.9784161832096856
v1_ppo_kl_adaptive_sampling,Maze-Hard-v0,3,1.412558032160625
v1_ppo_kl_adaptive_sampling,Maze-Hard-v0,1,1.5217021250913232
v1_ppo_kl_adaptive_sampling,Maze-Ur-v0,2,2.0174618053054165
v1_ppo_kl_adaptive_sampling,Maze-Ur-v0,1,2.2630023173790548
v1_ppo_kl_adaptive_sampling,Maze-Ur-v0,3,2.273701783648354
v1_ppo_kl_adaptive_sampling,Maze-Ur-v0,5,1.892284313007751
v1_ppo_kl_adaptive_sampling,Maze-Ur-v0,4,1.9645443867854364
v1_ppo_kl_adaptive_sampling,Maze-Easy-v0,2,2.004545041457703
v1_ppo_kl_adaptive_sampling,Maze-Easy-v0,3,2.00628934298157
v1_ppo_kl_adaptive_sampling,Maze-Easy-v0,4,2.087209345061061
v1_ppo_kl_adaptive_sampling,Maze-Easy-v0,5,1.8998756350762576
v1_ppo_kl_adaptive_sampling,Maze-Easy-v0,1,1.7672352872170454
